CD_MUN,NM_MUN,CD_RGI,NM_RGI,CD_RGINT,NM_RGINT,CD_UF,NM_UF,SIGLA_UF,CD_REGIAO,NM_REGIAO,SIGLA_RG,CD_CONCURB,NM_CONCURB,AREA_KM2
3543402,Ribeir├úo Preto,350031,Ribeir├úo Preto,3508,Ribeir├úo Preto,35,S├úo Paulo,SP,3,Sudeste,SE,3543402.0,Ribeir├úo Preto/SP,650.916
3518859,Guatapar├í,350031,Ribeir├úo Preto,3508,Ribeir├úo Preto,35,S├úo Paulo,SP,3,Sudeste,SE,,,413.653
3518206,Guararapes,350022,Ara├ºatuba,3506,Ara├ºatuba,35,S├úo Paulo,SP,3,Sudeste,SE,,,955.637
3510005,C├óndido Mota,350014,Assis,3504,Mar├¡lia,35,S├úo Paulo,SP,3,Sudeste,SE,,,595.811
3502606,Aparecida d'Oeste,350028,Jales,3507,S├úo Jos├® do Rio Preto,35,S├úo Paulo,SP,3,Sudeste,SE,,,179.004
3534609,Osvaldo Cruz,350019,Adamantina - Luc├®lia,3505,Presidente Prudente,35,S├úo Paulo,SP,3,Sudeste,SE,,,248.038
3502408,Anhumas,350018,Presidente Prudente,3505,Presidente Prudente,35,S├úo Paulo,SP,3,Sudeste,SE,3541406.0,Presidente Prudente/SP,320.84
3526407,Laranjal Paulista,350040,Piracicaba,3510,Campinas,35,S├úo Paulo,SP,3,Sudeste,SE,,,384.274
3502507,Aparecida,350052,Guaratinguet├í,3511,S├úo Jos├® dos Campos,35,S├úo Paulo,SP,3,Sudeste,SE,3518404.0,Guaratinguet├í/SP,120.89
3551009,S├úo Vicente,350002,Santos,3501,S├úo Paulo,35,S├úo Paulo,SP,3,Sudeste,SE,3548500.0,Baixada Santista/SP,147.774
3534500,Oscar Bressane,350013,Mar├¡lia,3504,Mar├¡lia,35,S├úo Paulo,SP,3,Sudeste,SE,,,222.13
3501806,Am├®rico de Campos,350027,Votuporanga,3507,S├úo Jos├® do Rio Preto,35,S├úo Paulo,SP,3,Sudeste,SE,,,252.876
3542800,Ribeira,350004,Itapeva,3502,Sorocaba,35,S├úo Paulo,SP,3,Sudeste,SE,,,335.759
3526308,Lagoinha,350050,Taubat├® - Pindamonhangaba,3511,S├úo Jos├® dos Campos,35,S├úo Paulo,SP,3,Sudeste,SE,,,254.454
3509957,Canas,350052,Guaratinguet├í,3511,S├úo Jos├® dos Campos,35,S├úo Paulo,SP,3,Sudeste,SE,,,53.261
3518107,Guarant├ú,350012,Lins,3503,Bauru,35,S├úo Paulo,SP,3,Sudeste,SE,,,461.746
3550803,S├úo Sebasti├úo da Grama,350047,S├úo Jos├® do Rio Pardo - Mococa,3510,Campinas,35,S├úo Paulo,SP,3,Sudeste,SE,,,252.41
3509908,Canan├®ia,350005,Registro,3502,Sorocaba,35,S├úo Paulo,SP,3,Sudeste,SE,,,1237.354
3534807,Ouro Verde,350020,Dracena,3505,Presidente Prudente,35,S├úo Paulo,SP,3,Sudeste,SE,,,266.778
3542602,Registro,350005,Registro,3502,Sorocaba,35,S├úo Paulo,SP,3,Sudeste,SE,,,722.201
3550902,S├úo Sim├úo,350031,Ribeir├úo Preto,3508,Ribeir├úo Preto,35,S├úo Paulo,SP,3,Sudeste,SE,,,617.252
3526605,Lavrinhas,350053,Cruzeiro,3511,S├úo Jos├® dos Campos,35,S├úo Paulo,SP,3,Sudeste,SE,,,166.948
3534906,Pacaembu,350019,Adamantina - Luc├®lia,3505,Presidente Prudente,35,S├úo Paulo,SP,3,Sudeste,SE,,,339.375
3542701,Restinga,350033,Franca,3508,Ribeir├úo Preto,35,S├úo Paulo,SP,3,Sudeste,SE,3516200.0,Franca/SP,245.746
3526704,Leme,350045,Araras,3510,Campinas,35,S├úo Paulo,SP,3,Sudeste,SE,,,402.871
3518503,Guare├¡,350006,Itapetininga,3502,Sorocaba,35,S├úo Paulo,SP,3,Sudeste,SE,,,567.719
3551207,Sarutai├í,350017,Piraju,3504,Mar├¡lia,35,S├úo Paulo,SP,3,Sudeste,SE,,,141.608
3534708,Ourinhos,350015,Ourinhos,3504,Mar├¡lia,35,S├úo Paulo,SP,3,Sudeste,SE,3534708.0,Ourinhos/SP,295.818
3510302,Capela do Alto,350003,Sorocaba,3502,Sorocaba,35,S├úo Paulo,SP,3,Sudeste,SE,,,169.89
3543006,Ribeir├úo Branco,350004,Itapeva,3502,Sorocaba,35,S├úo Paulo,SP,3,Sudeste,SE,,,697.5
3526506,Lav├¡nia,350024,Andradina,3506,Ara├ºatuba,35,S├úo Paulo,SP,3,Sudeste,SE,,,537.675
3543105,Ribeir├úo Corrente,350033,Franca,3508,Ribeir├úo Preto,35,S├úo Paulo,SP,3,Sudeste,SE,3516200.0,Franca/SP,148.332
3501707,Am├®rico Brasiliense,350036,Araraquara,3509,Araraquara,35,S├úo Paulo,SP,3,Sudeste,SE,3503208.0,Araraquara/SP,122.958
3518305,Guararema,350001,S├úo Paulo,3501,S├úo Paulo,35,S├úo Paulo,SP,3,Sudeste,SE,,,270.816
3510104,C├óndido Rodrigues,350036,Araraquara,3509,Araraquara,35,S├úo Paulo,SP,3,Sudeste,SE,,,70.892
3534757,Ouroeste,350029,Fernand├│polis,3507,S├úo Jos├® do Rio Preto,35,S├úo Paulo,SP,3,Sudeste,SE,,,288.648
3518404,Guaratinguet├í,350052,Guaratinguet├í,3511,S├úo Jos├® dos Campos,35,S├úo Paulo,SP,3,Sudeste,SE,3518404.0,Guaratinguet├í/SP,752.636
3551108,Sarapu├¡,350003,Sorocaba,3502,Sorocaba,35,S├úo Paulo,SP,3,Sudeste,SE,,,352.592
3510203,Cap├úo Bonito,350004,Itapeva,3502,Sorocaba,35,S├úo Paulo,SP,3,Sudeste,SE,,,1640.229
3542909,Ribeir├úo Bonito,350037,S├úo Carlos,3509,Araraquara,35,S├úo Paulo,SP,3,Sudeste,SE,,,471.553
3510153,Canitar,350015,Ourinhos,3504,Mar├¡lia,35,S├úo Paulo,SP,3,Sudeste,SE,3534708.0,Ourinhos/SP,57.459
3525854,Jumirim,350003,Sorocaba,3502,Sorocaba,35,S├úo Paulo,SP,3,Sudeste,SE,,,56.685
3502101,Andradina,350024,Andradina,3506,Ara├ºatuba,35,S├úo Paulo,SP,3,Sudeste,SE,,,964.226
3509502,Campinas,350038,Campinas,3510,Campinas,35,S├úo Paulo,SP,3,Sudeste,SE,3509502.0,Campinas/SP,794.57
3509452,Campina do Monte Alegre,350006,Itapetininga,3502,Sorocaba,35,S├úo Paulo,SP,3,Sudeste,SE,,,184.479
3534104,Oriente,350013,Mar├¡lia,3504,Mar├¡lia,35,S├úo Paulo,SP,3,Sudeste,SE,3529005.0,Mar├¡lia/SP,218.668
3501905,Amparo,350048,Amparo,3510,Campinas,35,S├úo Paulo,SP,3,Sudeste,SE,,,445.323
3525904,Jundia├¡,350039,Jundia├¡,3510,Campinas,35,S├úo Paulo,SP,3,Sudeste,SE,3525904.0,Jundia├¡/SP,431.162
3517703,Guar├í,350035,Ituverava,3508,Ribeir├úo Preto,35,S├úo Paulo,SP,3,Sudeste,SE,,,362.183
3550407,S├úo Pedro,350040,Piracicaba,3510,Campinas,35,S├úo Paulo,SP,3,Sudeste,SE,,,611.51
3502002,Anal├óndia,350046,Rio Claro,3510,Campinas,35,S├úo Paulo,SP,3,Sudeste,SE,,,325.953
3533908,Ol├¡mpia,350032,Barretos,3508,Ribeir├úo Preto,35,S├úo Paulo,SP,3,Sudeste,SE,,,802.393
3550506,S├úo Pedro do Turvo,350015,Ourinhos,3504,Mar├¡lia,35,S├úo Paulo,SP,3,Sudeste,SE,,,731.221
3525706,Jos├® Bonif├ício,350025,S├úo Jos├® do Rio Preto,3507,S├úo Jos├® do Rio Preto,35,S├úo Paulo,SP,3,Sudeste,SE,,,860.2
3534005,Onda Verde,350025,S├úo Jos├® do Rio Preto,3507,S├úo Jos├® do Rio Preto,35,S├úo Paulo,SP,3,Sudeste,SE,,,242.946
3542305,Reden├º├úo da Serra,350050,Taubat├® - Pindamonhangaba,3511,S├úo Jos├® dos Campos,35,S├úo Paulo,SP,3,Sudeste,SE,3549904.0,S├úo Jos├® dos Campos/SP,309.322
3501301,├ülvares Machado,350018,Presidente Prudente,3505,Presidente Prudente,35,S├úo Paulo,SP,3,Sudeste,SE,3541406.0,Presidente Prudente/SP,347.647
3525805,J├║lio Mesquita,350013,Mar├¡lia,3504,Mar├¡lia,35,S├úo Paulo,SP,3,Sudeste,SE,,,128.183
3517604,Guapiara,350004,Itapeva,3502,Sorocaba,35,S├úo Paulo,SP,3,Sudeste,SE,,,408.292
3550308,S├úo Paulo,350001,S├úo Paulo,3501,S├úo Paulo,35,S├úo Paulo,SP,3,Sudeste,SE,3550308.0,S├úo Paulo/SP,1522.683
3509403,Cajuru,350031,Ribeir├úo Preto,3508,Ribeir├úo Preto,35,S├úo Paulo,SP,3,Sudeste,SE,,,660.088
3542107,Rafard,350040,Piracicaba,3510,Campinas,35,S├úo Paulo,SP,3,Sudeste,SE,,,121.645
3534302,Orl├óndia,350034,S├úo Joaquim da Barra - Orl├óndia,3508,Ribeir├úo Preto,35,S├úo Paulo,SP,3,Sudeste,SE,,,291.765
3542206,Rancharia,350018,Presidente Prudente,3505,Presidente Prudente,35,S├úo Paulo,SP,3,Sudeste,SE,,,1591.148
3526100,Juqui├í,350005,Registro,3502,Sorocaba,35,S├úo Paulo,SP,3,Sudeste,SE,,,812.799
3534401,Osasco,350001,S├úo Paulo,3501,S├úo Paulo,35,S├úo Paulo,SP,3,Sudeste,SE,3550308.0,S├úo Paulo/SP,64.999
3526209,Juquitiba,350001,S├úo Paulo,3501,S├úo Paulo,35,S├úo Paulo,SP,3,Sudeste,SE,,,523.074
3517901,Guaraci,350032,Barretos,3508,Ribeir├úo Preto,35,S├úo Paulo,SP,3,Sudeste,SE,,,641.501
3518008,Guarani d'Oeste,350029,Fernand├│polis,3507,S├úo Jos├® do Rio Preto,35,S├úo Paulo,SP,3,Sudeste,SE,,,85.7
3501152,Alum├¡nio,350003,Sorocaba,3502,Sorocaba,35,S├úo Paulo,SP,3,Sudeste,SE,3552205.0,Sorocaba/SP,83.619
3550704,S├úo Sebasti├úo,350051,Caraguatatuba - Ubatuba - S├úo Sebasti├úo,3511,S├úo Jos├® dos Campos,35,S├úo Paulo,SP,3,Sudeste,SE,3510500.0,Caraguatatuba - Ubatuba - S├úo Sebasti├úo/SP,402.395
3534203,Orindi├║va,350025,S├úo Jos├® do Rio Preto,3507,S├úo Jos├® do Rio Preto,35,S├úo Paulo,SP,3,Sudeste,SE,,,247.378
3509809,Campos Novos Paulista,350013,Mar├¡lia,3504,Mar├¡lia,35,S├úo Paulo,SP,3,Sudeste,SE,,,484.199
3542503,Regin├│polis,350009,Bauru,3503,Bauru,35,S├úo Paulo,SP,3,Sudeste,SE,,,410.406
3526001,Junqueir├│polis,350020,Dracena,3505,Presidente Prudente,35,S├úo Paulo,SP,3,Sudeste,SE,,,583.273
3517802,Guara├ºa├¡,350024,Andradina,3506,Ara├ºatuba,35,S├úo Paulo,SP,3,Sudeste,SE,,,569.222
3501202,├ülvares Florence,350027,Votuporanga,3507,S├úo Jos├® do Rio Preto,35,S├úo Paulo,SP,3,Sudeste,SE,,,362.411
3509601,Campo Limpo Paulista,350039,Jundia├¡,3510,Campinas,35,S├úo Paulo,SP,3,Sudeste,SE,3525904.0,Jundia├¡/SP,79.504
3509700,Campos do Jord├úo,350050,Taubat├® - Pindamonhangaba,3511,S├úo Jos├® dos Campos,35,S├úo Paulo,SP,3,Sudeste,SE,,,289.981
3542404,Regente Feij├│,350018,Presidente Prudente,3505,Presidente Prudente,35,S├úo Paulo,SP,3,Sudeste,SE,3541406.0,Presidente Prudente/SP,263.426
3501608,Americana,350038,Campinas,3510,Campinas,35,S├úo Paulo,SP,3,Sudeste,SE,3501608.0,Americana - Santa B├írbara d┬┤Oeste/SP,133.912
3550605,S├úo Roque,350003,Sorocaba,3502,Sorocaba,35,S├úo Paulo,SP,3,Sudeste,SE,3550605.0,S├úo Roque - Mairinque/SP,306.899
3533601,Nuporanga,350034,S├úo Joaquim da Barra - Orl├óndia,3508,Ribeir├úo Preto,35,S├úo Paulo,SP,3,Sudeste,SE,,,348.265
3549953,S├úo Louren├ºo da Serra,350001,S├úo Paulo,3501,S├úo Paulo,35,S├úo Paulo,SP,3,Sudeste,SE,3550308.0,S├úo Paulo/SP,186.353
3525409,Jeriquara,350033,Franca,3508,Ribeir├úo Preto,35,S├úo Paulo,SP,3,Sudeste,SE,,,141.971
3501400,├ülvaro de Carvalho,350013,Mar├¡lia,3504,Mar├¡lia,35,S├úo Paulo,SP,3,Sudeste,SE,,,153.662
3501509,Alvinl├óndia,350013,Mar├¡lia,3504,Mar├¡lia,35,S├úo Paulo,SP,3,Sudeste,SE,,,84.879
3517208,Guai├ºara,350012,Lins,3503,Bauru,35,S├úo Paulo,SP,3,Sudeste,SE,,,277.154
3549904,S├úo Jos├® dos Campos,350049,S├úo Jos├® dos Campos,3511,S├úo Jos├® dos Campos,35,S├úo Paulo,SP,3,Sudeste,SE,3549904.0,S├úo Jos├® dos Campos/SP,1099.494
3509007,Caieiras,350001,S├úo Paulo,3501,S├úo Paulo,35,S├úo Paulo,SP,3,Sudeste,SE,3550308.0,S├úo Paulo/SP,97.745
3533403,Nova Odessa,350038,Campinas,3510,Campinas,35,S├úo Paulo,SP,3,Sudeste,SE,3501608.0,Americana - Santa B├írbara d┬┤Oeste/SP,73.788
3541703,Quat├í,350018,Presidente Prudente,3505,Presidente Prudente,35,S├úo Paulo,SP,3,Sudeste,SE,,,651.341
3550001,S├úo Luiz do Paraitinga,350050,Taubat├® - Pindamonhangaba,3511,S├úo Jos├® dos Campos,35,S├úo Paulo,SP,3,Sudeste,SE,,,618.126
3525201,Jarinu,350039,Jundia├¡,3510,Campinas,35,S├úo Paulo,SP,3,Sudeste,SE,3525904.0,Jundia├¡/SP,207.549
3533502,Novo Horizonte,350025,S├úo Jos├® do Rio Preto,3507,S├úo Jos├® do Rio Preto,35,S├úo Paulo,SP,3,Sudeste,SE,,,931.743
3541802,Queiroz,350016,Tup├ú,3504,Mar├¡lia,35,S├úo Paulo,SP,3,Sudeste,SE,,,234.914
3517000,Getulina,350013,Mar├¡lia,3504,Mar├¡lia,35,S├úo Paulo,SP,3,Sudeste,SE,,,676.755
3525300,Ja├║,350010,Ja├║,3503,Bauru,35,S├úo Paulo,SP,3,Sudeste,SE,3525300.0,Ja├║,687.103
3517109,Glic├®rio,350023,Birigui - Pen├ípolis,3506,Ara├ºatuba,35,S├úo Paulo,SP,3,Sudeste,SE,,,272.8
3500758,Alambari,350006,Itapetininga,3502,Sorocaba,35,S├úo Paulo,SP,3,Sudeste,SE,3522307.0,Itapetininga/SP,159.6
3549805,S├úo Jos├® do Rio Preto,350025,S├úo Jos├® do Rio Preto,3507,S├úo Jos├® do Rio Preto,35,S├úo Paulo,SP,3,Sudeste,SE,3549805.0,S├úo Jos├® do Rio Preto/SP,431.944
3508900,Caiabu,350018,Presidente Prudente,3505,Presidente Prudente,35,S├úo Paulo,SP,3,Sudeste,SE,3541406.0,Presidente Prudente/SP,252.704
3533809,├ôleo,350007,Avar├®,3502,Sorocaba,35,S├úo Paulo,SP,3,Sudeste,SE,,,198.938
3541604,Promiss├úo,350012,Lins,3503,Bauru,35,S├úo Paulo,SP,3,Sudeste,SE,,,779.2
3525607,Jo├úo Ramalho,350018,Presidente Prudente,3505,Presidente Prudente,35,S├úo Paulo,SP,3,Sudeste,SE,,,415.452
3509254,Cajati,350005,Registro,3502,Sorocaba,35,S├úo Paulo,SP,3,Sudeste,SE,,,454.489
3500808,Alfredo Marcondes,350018,Presidente Prudente,3505,Presidente Prudente,35,S├úo Paulo,SP,3,Sudeste,SE,3541406.0,Presidente Prudente/SP,118.915
3517406,Gua├¡ra,350032,Barretos,3508,Ribeir├úo Preto,35,S├úo Paulo,SP,3,Sudeste,SE,,,1258.465
3509205,Cajamar,350001,S├úo Paulo,3501,S├úo Paulo,35,S├úo Paulo,SP,3,Sudeste,SE,3550308.0,S├úo Paulo/SP,131.521
3517505,Guapia├ºu,350025,S├úo Jos├® do Rio Preto,3507,S├úo Jos├® do Rio Preto,35,S├úo Paulo,SP,3,Sudeste,SE,3549805.0,S├úo Jos├® do Rio Preto/SP,324.752
3541653,Quadra,350008,Tatu├¡,3502,Sorocaba,35,S├úo Paulo,SP,3,Sudeste,SE,,,205.672
3550209,S├úo Miguel Arcanjo,350006,Itapetininga,3502,Sorocaba,35,S├úo Paulo,SP,3,Sudeste,SE,,,930.339
3509304,Cajobi,350032,Barretos,3508,Ribeir├úo Preto,35,S├úo Paulo,SP,3,Sudeste,SE,,,176.929
3533700,Ocau├ºu,350013,Mar├¡lia,3504,Mar├¡lia,35,S├úo Paulo,SP,3,Sudeste,SE,,,301.036
3542008,Quintana,350013,Mar├¡lia,3504,Mar├¡lia,35,S├úo Paulo,SP,3,Sudeste,SE,,,318.937
3525508,Joan├│polis,350041,Bragan├ºa Paulista,3510,Campinas,35,S├úo Paulo,SP,3,Sudeste,SE,,,374.346
3517307,Guaimb├¬,350013,Mar├¡lia,3504,Mar├¡lia,35,S├úo Paulo,SP,3,Sudeste,SE,,,217.811
3500709,Agudos,350009,Bauru,3503,Bauru,35,S├úo Paulo,SP,3,Sudeste,SE,,,966.708
3509106,Caiu├í,350021,Presidente Epit├ício-Presidente Venceslau,3505,Presidente Prudente,35,S├úo Paulo,SP,3,Sudeste,SE,,,551.159
3501004,Altin├│polis,350031,Ribeir├úo Preto,3508,Ribeir├úo Preto,35,S├úo Paulo,SP,3,Sudeste,SE,,,928.956
3501103,Alto Alegre,350023,Birigui - Pen├ípolis,3506,Ara├ºatuba,35,S├úo Paulo,SP,3,Sudeste,SE,,,318.574
3533007,Nova Granada,350025,S├úo Jos├® do Rio Preto,3507,S├úo Jos├® do Rio Preto,35,S├úo Paulo,SP,3,Sudeste,SE,,,531.796
3524808,Jales,350028,Jales,3507,S├úo Jos├® do Rio Preto,35,S├úo Paulo,SP,3,Sudeste,SE,,,368.574
3550100,S├úo Manuel,350011,Botucatu,3503,Bauru,35,S├úo Paulo,SP,3,Sudeste,SE,,,650.734
3533106,Nova Guataporanga,350020,Dracena,3505,Presidente Prudente,35,S├úo Paulo,SP,3,Sudeste,SE,,,34.675
3500907,Altair,350025,S├úo Jos├® do Rio Preto,3507,S├úo Jos├® do Rio Preto,35,S├úo Paulo,SP,3,Sudeste,SE,,,313.007
3524907,Jambeiro,350049,S├úo Jos├® dos Campos,3511,S├úo Jos├® dos Campos,35,S├úo Paulo,SP,3,Sudeste,SE,3549904.0,S├úo Jos├® dos Campos/SP,184.413
3541901,Queluz,350053,Cruzeiro,3511,S├úo Jos├® dos Campos,35,S├úo Paulo,SP,3,Sudeste,SE,,,249.356
3516705,Gar├ºa,350013,Mar├¡lia,3504,Mar├¡lia,35,S├úo Paulo,SP,3,Sudeste,SE,,,555.807
3549409,S├úo Joaquim da Barra,350034,S├úo Joaquim da Barra - Orl├óndia,3508,Ribeir├úo Preto,35,S├úo Paulo,SP,3,Sudeste,SE,,,410.863
3508504,Ca├ºapava,350049,S├úo Jos├® dos Campos,3511,S├úo Jos├® dos Campos,35,S├úo Paulo,SP,3,Sudeste,SE,3549904.0,S├úo Jos├® dos Campos/SP,369.558
3532900,Nova Europa,350036,Araraquara,3509,Araraquara,35,S├úo Paulo,SP,3,Sudeste,SE,,,160.25
3541208,Presidente Bernardes,350018,Presidente Prudente,3505,Presidente Prudente,35,S├úo Paulo,SP,3,Sudeste,SE,3541406.0,Presidente Prudente/SP,749.234
3549508,S├úo Jos├® da Bela Vista,350033,Franca,3508,Ribeir├úo Preto,35,S├úo Paulo,SP,3,Sudeste,SE,,,276.952
3524709,Jaguari├║na,350038,Campinas,3510,Campinas,35,S├úo Paulo,SP,3,Sudeste,SE,,,141.391
3541307,Presidente Epit├ício,350021,Presidente Epit├ício-Presidente Venceslau,3505,Presidente Prudente,35,S├úo Paulo,SP,3,Sudeste,SE,,,1260.281
3516507,Gabriel Monteiro,350023,Birigui - Pen├ípolis,3506,Ara├ºatuba,35,S├úo Paulo,SP,3,Sudeste,SE,,,138.681
3508306,Cabr├ília Paulista,350009,Bauru,3503,Bauru,35,S├úo Paulo,SP,3,Sudeste,SE,,,239.974
3516606,G├ília,350013,Mar├¡lia,3504,Mar├¡lia,35,S├úo Paulo,SP,3,Sudeste,SE,,,355.914
3549300,S├úo Jo├úo do Pau d'Alho,350020,Dracena,3505,Presidente Prudente,35,S├úo Paulo,SP,3,Sudeste,SE,,,117.514
3508405,Cabre├║va,350039,Jundia├¡,3510,Campinas,35,S├úo Paulo,SP,3,Sudeste,SE,3525904.0,Jundia├¡/SP,260.234
3541109,Presidente Alves,350009,Bauru,3503,Bauru,35,S├úo Paulo,SP,3,Sudeste,SE,,,286.642
3533304,Nova Luzit├ónia,350022,Ara├ºatuba,3506,Ara├ºatuba,35,S├úo Paulo,SP,3,Sudeste,SE,,,73.69
3525102,Jardin├│polis,350031,Ribeir├úo Preto,3508,Ribeir├úo Preto,35,S├úo Paulo,SP,3,Sudeste,SE,3543402.0,Ribeir├úo Preto/SP,501.87
3516903,General Salgado,350022,Ara├ºatuba,3506,Ara├ºatuba,35,S├úo Paulo,SP,3,Sudeste,SE,,,493.88
3500303,Agua├¡,350044,S├úo Jo├úo da Boa Vista,3510,Campinas,35,S├úo Paulo,SP,3,Sudeste,SE,,,474.554
3508702,Caconde,350047,S├úo Jos├® do Rio Pardo - Mococa,3510,Campinas,35,S├úo Paulo,SP,3,Sudeste,SE,,,468.998
3508801,Cafel├óndia,350012,Lins,3503,Bauru,35,S├úo Paulo,SP,3,Sudeste,SE,,,920.28
3541505,Presidente Venceslau,350021,Presidente Epit├ício-Presidente Venceslau,3505,Presidente Prudente,35,S├úo Paulo,SP,3,Sudeste,SE,,,755.203
3500105,Adamantina,350019,Adamantina - Luc├®lia,3505,Presidente Prudente,35,S├úo Paulo,SP,3,Sudeste,SE,,,411.987
3516804,Gast├úo Vidigal,350022,Ara├ºatuba,3506,Ara├ºatuba,35,S├úo Paulo,SP,3,Sudeste,SE,,,180.569
3500204,Adolfo,350025,S├úo Jos├® do Rio Preto,3507,S├úo Jos├® do Rio Preto,35,S├úo Paulo,SP,3,Sudeste,SE,,,211.055
3508603,Cachoeira Paulista,350053,Cruzeiro,3511,S├úo Jos├® dos Campos,35,S├úo Paulo,SP,3,Sudeste,SE,,,288.747
3533254,Novais,350026,Catanduva,3507,S├úo Jos├® do Rio Preto,35,S├úo Paulo,SP,3,Sudeste,SE,3511102.0,Catanduva/SP,117.772
3500550,├üguas de Santa B├írbara,350007,Avar├®,3502,Sorocaba,35,S├úo Paulo,SP,3,Sudeste,SE,,,404.463
3549706,S├úo Jos├® do Rio Pardo,350047,S├úo Jos├® do Rio Pardo - Mococa,3510,Campinas,35,S├úo Paulo,SP,3,Sudeste,SE,,,419.729
3533205,Nova Independ├¬ncia,350024,Andradina,3506,Ara├ºatuba,35,S├úo Paulo,SP,3,Sudeste,SE,,,265.028
3516853,Gavi├úo Peixoto,350036,Araraquara,3509,Araraquara,35,S├úo Paulo,SP,3,Sudeste,SE,3503208.0,Araraquara/SP,243.766
3500501,├üguas de Lind├│ia,350048,Amparo,3510,Campinas,35,S├úo Paulo,SP,3,Sudeste,SE,,,59.872
3525003,Jandira,350001,S├úo Paulo,3501,S├úo Paulo,35,S├úo Paulo,SP,3,Sudeste,SE,3550308.0,S├úo Paulo/SP,17.122
3500600,├üguas de S├úo Pedro,350040,Piracicaba,3510,Campinas,35,S├úo Paulo,SP,3,Sudeste,SE,,,3.38
3532504,Neves Paulista,350025,S├úo Jos├® do Rio Preto,3507,S├úo Jos├® do Rio Preto,35,S├úo Paulo,SP,3,Sudeste,SE,3549805.0,S├úo Jos├® do Rio Preto/SP,219.05
3549607,S├úo Jos├® do Barreiro,350053,Cruzeiro,3511,S├úo Jos├® dos Campos,35,S├úo Paulo,SP,3,Sudeste,SE,,,570.604
3524303,Jaboticabal,350031,Ribeir├úo Preto,3508,Ribeir├úo Preto,35,S├úo Paulo,SP,3,Sudeste,SE,,,706.722
3532603,Nhandeara,350027,Votuporanga,3507,S├úo Jos├® do Rio Preto,35,S├úo Paulo,SP,3,Sudeste,SE,,,436.159
3541406,Presidente Prudente,350018,Presidente Prudente,3505,Presidente Prudente,35,S├úo Paulo,SP,3,Sudeste,SE,3541406.0,Presidente Prudente/SP,560.637
3500402,├üguas da Prata,350044,S├úo Jo├úo da Boa Vista,3510,Campinas,35,S├úo Paulo,SP,3,Sudeste,SE,,,142.673
3524402,Jacare├¡,350049,S├úo Jos├® dos Campos,3511,S├úo Jos├® dos Campos,35,S├úo Paulo,SP,3,Sudeste,SE,3549904.0,S├úo Jos├® dos Campos/SP,464.252
3557105,Votuporanga,350027,Votuporanga,3507,S├úo Jos├® do Rio Preto,35,S├úo Paulo,SP,3,Sudeste,SE,,,420.703
3516200,Franca,350033,Franca,3508,Ribeir├úo Preto,35,S├úo Paulo,SP,3,Sudeste,SE,3516200.0,Franca/SP,605.679
3548906,S├úo Carlos,350037,S├úo Carlos,3509,Araraquara,35,S├úo Paulo,SP,3,Sudeste,SE,3548906.0,S├úo Carlos/SP,1136.907
3508009,Buri,350004,Itapeva,3502,Sorocaba,35,S├úo Paulo,SP,3,Sudeste,SE,,,1196.463
3532405,Nazar├® Paulista,350041,Bragan├ºa Paulista,3510,Campinas,35,S├úo Paulo,SP,3,Sudeste,SE,,,326.392
3540705,Porto Ferreira,350037,S├úo Carlos,3509,Araraquara,35,S├úo Paulo,SP,3,Sudeste,SE,,,245.327
3524204,Jaborandi,350032,Barretos,3508,Ribeir├úo Preto,35,S├úo Paulo,SP,3,Sudeste,SE,,,273.438
3540804,Potirendaba,350025,S├úo Jos├® do Rio Preto,3507,S├úo Jos├® do Rio Preto,35,S├úo Paulo,SP,3,Sudeste,SE,,,342.492
3557154,Zacarias,350023,Birigui - Pen├ípolis,3506,Ara├ºatuba,35,S├úo Paulo,SP,3,Sudeste,SE,,,319.056
3516002,Fl├│rida Paulista,350019,Adamantina - Luc├®lia,3505,Presidente Prudente,35,S├úo Paulo,SP,3,Sudeste,SE,,,524.138
3507803,Brodowski,350031,Ribeir├úo Preto,3508,Ribeir├úo Preto,35,S├úo Paulo,SP,3,Sudeste,SE,3543402.0,Ribeir├úo Preto/SP,278.458
3516101,Flor├¡nea,350014,Assis,3504,Mar├¡lia,35,S├úo Paulo,SP,3,Sudeste,SE,,,225.886
3540754,Potim,350052,Guaratinguet├í,3511,S├úo Jos├® dos Campos,35,S├úo Paulo,SP,3,Sudeste,SE,3518404.0,Guaratinguet├í/SP,44.644
3507902,Brotas,350010,Ja├║,3503,Bauru,35,S├úo Paulo,SP,3,Sudeste,SE,,,1101.373
3556958,Vit├│ria Brasil,350028,Jales,3507,S├úo Jos├® do Rio Preto,35,S├úo Paulo,SP,3,Sudeste,SE,,,49.832
3540606,Porto Feliz,350003,Sorocaba,3502,Sorocaba,35,S├úo Paulo,SP,3,Sudeste,SE,,,556.706
3532801,Nova Alian├ºa,350025,S├úo Jos├® do Rio Preto,3507,S├úo Jos├® do Rio Preto,35,S├úo Paulo,SP,3,Sudeste,SE,3549805.0,S├úo Jos├® do Rio Preto/SP,217.515
3524600,Jacupiranga,350005,Registro,3502,Sorocaba,35,S├úo Paulo,SP,3,Sudeste,SE,,,704.136
3516408,Franco da Rocha,350001,S├úo Paulo,3501,S├úo Paulo,35,S├úo Paulo,SP,3,Sudeste,SE,3550308.0,S├úo Paulo/SP,132.775
3532868,Nova Castilho,350022,Ara├ºatuba,3506,Ara├ºatuba,35,S├úo Paulo,SP,3,Sudeste,SE,,,183.396
3508207,Buritizal,350035,Ituverava,3508,Ribeir├úo Preto,35,S├úo Paulo,SP,3,Sudeste,SE,,,266.42
3557006,Votorantim,350003,Sorocaba,3502,Sorocaba,35,S├úo Paulo,SP,3,Sudeste,SE,3552205.0,Sorocaba/SP,184.186
3532843,Nova Cana├ú Paulista,350030,Santa F├® do Sul,3507,S├úo Jos├® do Rio Preto,35,S├úo Paulo,SP,3,Sudeste,SE,,,124.473
3548807,S├úo Caetano do Sul,350001,S├úo Paulo,3501,S├úo Paulo,35,S├úo Paulo,SP,3,Sudeste,SE,3550308.0,S├úo Paulo/SP,15.421
3532827,Nova Campina,350004,Itapeva,3502,Sorocaba,35,S├úo Paulo,SP,3,Sudeste,SE,,,385.375
3549250,S├úo Jo├úo de Iracema,350029,Fernand├│polis,3507,S├úo Jos├® do Rio Preto,35,S├úo Paulo,SP,3,Sudeste,SE,,,178.396
3541059,Prat├ónia,350011,Botucatu,3503,Bauru,35,S├úo Paulo,SP,3,Sudeste,SE,,,175.1
3549201,S├úo Jo├úo das Duas Pontes,350029,Fernand├│polis,3507,S├úo Jos├® do Rio Preto,35,S├úo Paulo,SP,3,Sudeste,SE,,,129.462
3532702,Nipo├ú,350025,S├úo Jos├® do Rio Preto,3507,S├úo Jos├® do Rio Preto,35,S├úo Paulo,SP,3,Sudeste,SE,,,137.609
3541000,Praia Grande,350002,Santos,3501,S├úo Paulo,35,S├úo Paulo,SP,3,Sudeste,SE,3548500.0,Baixada Santista/SP,149.652
3524501,Jaci,350025,S├úo Jos├® do Rio Preto,3507,S├úo Jos├® do Rio Preto,35,S├úo Paulo,SP,3,Sudeste,SE,3549805.0,S├úo Jos├® do Rio Preto/SP,145.133
3557204,Chavantes,350015,Ourinhos,3504,Mar├¡lia,35,S├úo Paulo,SP,3,Sudeste,SE,,,188.727
3540853,Pracinha,350019,Adamantina - Luc├®lia,3505,Presidente Prudente,35,S├úo Paulo,SP,3,Sudeste,SE,,,63.141
3516309,Francisco Morato,350001,S├úo Paulo,3501,S├úo Paulo,35,S├úo Paulo,SP,3,Sudeste,SE,3550308.0,S├úo Paulo/SP,49.001
3549003,S├úo Francisco,350028,Jales,3507,S├úo Jos├® do Rio Preto,35,S├úo Paulo,SP,3,Sudeste,SE,,,75.579
3557303,Estiva Gerbi,350043,Mogi Gua├ºu,3510,Campinas,35,S├úo Paulo,SP,3,Sudeste,SE,3530706.0,Mogi Gua├ºu - Mogi Mirim/SP,74.144
3508108,Buritama,350023,Birigui - Pen├ípolis,3506,Ara├ºatuba,35,S├úo Paulo,SP,3,Sudeste,SE,,,327.344
3540200,Pontal,350031,Ribeir├úo Preto,3508,Ribeir├úo Preto,35,S├úo Paulo,SP,3,Sudeste,SE,,,356.371
3532009,Morungaba,350039,Jundia├¡,3510,Campinas,35,S├úo Paulo,SP,3,Sudeste,SE,,,146.752
3549102,S├úo Jo├úo da Boa Vista,350044,S├úo Jo├úo da Boa Vista,3510,Campinas,35,S├úo Paulo,SP,3,Sudeste,SE,,,516.399
3540903,Prad├│polis,350031,Ribeir├úo Preto,3508,Ribeir├úo Preto,35,S├úo Paulo,SP,3,Sudeste,SE,,,164.386
3523800,Itobi,350047,S├úo Jos├® do Rio Pardo - Mococa,3510,Campinas,35,S├úo Paulo,SP,3,Sudeste,SE,,,138.986
3515608,Fernando Prestes,350026,Catanduva,3507,S├úo Jos├® do Rio Preto,35,S├úo Paulo,SP,3,Sudeste,SE,,,169.99
3540259,Pontalinda,350028,Jales,3507,S├úo Jos├® do Rio Preto,35,S├úo Paulo,SP,3,Sudeste,SE,,,209.504
3523909,Itu,350003,Sorocaba,3502,Sorocaba,35,S├úo Paulo,SP,3,Sudeste,SE,3523909.0,Itu - Salto/SP,640.719
3556602,Vera Cruz,350013,Mar├¡lia,3504,Mar├¡lia,35,S├úo Paulo,SP,3,Sudeste,SE,3529005.0,Mar├¡lia/SP,247.716
3515707,Ferraz de Vasconcelos,350001,S├úo Paulo,3501,S├úo Paulo,35,S├úo Paulo,SP,3,Sudeste,SE,3550308.0,S├úo Paulo/SP,29.58
3532058,Motuca,350036,Araraquara,3509,Araraquara,35,S├úo Paulo,SP,3,Sudeste,SE,,,228.651
3540101,Ponga├¡,350012,Lins,3503,Bauru,35,S├úo Paulo,SP,3,Sudeste,SE,,,183.399
3548401,Sant├│polis do Aguape├¡,350023,Birigui - Pen├ípolis,3506,Ara├ºatuba,35,S├úo Paulo,SP,3,Sudeste,SE,,,128.026
3531902,Morro Agudo,350034,S├úo Joaquim da Barra - Orl├óndia,3508,Ribeir├úo Preto,35,S├úo Paulo,SP,3,Sudeste,SE,,,1388.127
3515657,Fern├úo,350013,Mar├¡lia,3504,Mar├¡lia,35,S├úo Paulo,SP,3,Sudeste,SE,,,100.504
3523701,Itirapu├ú,350033,Franca,3508,Ribeir├úo Preto,35,S├úo Paulo,SP,3,Sudeste,SE,3516200.0,Franca/SP,161.118
3515509,Fernand├│polis,350029,Fernand├│polis,3507,S├úo Jos├® do Rio Preto,35,S├úo Paulo,SP,3,Sudeste,SE,,,549.797
3507456,Borebi,350009,Bauru,3503,Bauru,35,S├úo Paulo,SP,3,Sudeste,SE,,,347.989
3507407,Borborema,350036,Araraquara,3509,Araraquara,35,S├úo Paulo,SP,3,Sudeste,SE,,,552.256
3556453,Vargem Grande Paulista,350001,S├úo Paulo,3501,S├úo Paulo,35,S├úo Paulo,SP,3,Sudeste,SE,3550308.0,S├úo Paulo/SP,42.489
3507506,Botucatu,350011,Botucatu,3503,Bauru,35,S├úo Paulo,SP,3,Sudeste,SE,3507506.0,Botucatu,1481.772
3515905,Floreal,350027,Votuporanga,3507,S├úo Jos├® do Rio Preto,35,S├úo Paulo,SP,3,Sudeste,SE,,,204.236
3556503,V├írzea Paulista,350039,Jundia├¡,3510,Campinas,35,S├úo Paulo,SP,3,Sudeste,SE,3525904.0,Jundia├¡/SP,35.048
3507308,Borac├®ia,350010,Ja├║,3503,Bauru,35,S├úo Paulo,SP,3,Sudeste,SE,,,122.11
3540507,Porangaba,350008,Tatu├¡,3502,Sorocaba,35,S├úo Paulo,SP,3,Sudeste,SE,,,265.968
3548302,Santo Expedito,350018,Presidente Prudente,3505,Presidente Prudente,35,S├úo Paulo,SP,3,Sudeste,SE,3541406.0,Presidente Prudente/SP,94.465
3532306,Natividade da Serra,350050,Taubat├® - Pindamonhangaba,3511,S├úo Jos├® dos Campos,35,S├úo Paulo,SP,3,Sudeste,SE,,,834.281
3532157,Nantes,350018,Presidente Prudente,3505,Presidente Prudente,35,S├úo Paulo,SP,3,Sudeste,SE,,,286.444
3524105,Ituverava,350035,Ituverava,3508,Ribeir├úo Preto,35,S├úo Paulo,SP,3,Sudeste,SE,,,704.659
3540309,Pontes Gestal,350027,Votuporanga,3507,S├úo Jos├® do Rio Preto,35,S├úo Paulo,SP,3,Sudeste,SE,,,217.505
3556909,Vista Alegre do Alto,350026,Catanduva,3507,S├úo Jos├® do Rio Preto,35,S├úo Paulo,SP,3,Sudeste,SE,,,95.429
3532108,Murutinga do Sul,350024,Andradina,3506,Ara├ºatuba,35,S├úo Paulo,SP,3,Sudeste,SE,,,250.873
3540408,Populina,350028,Jales,3507,S├úo Jos├® do Rio Preto,35,S├úo Paulo,SP,3,Sudeste,SE,,,315.938
3548708,S├úo Bernardo do Campo,350001,S├úo Paulo,3501,S├úo Paulo,35,S├úo Paulo,SP,3,Sudeste,SE,3550308.0,S├úo Paulo/SP,408.234
3507704,Bra├║na,350023,Birigui - Pen├ípolis,3506,Ara├ºatuba,35,S├úo Paulo,SP,3,Sudeste,SE,3506508.0,Birigui/SP,195.176
3532207,Narandiba,350018,Presidente Prudente,3505,Presidente Prudente,35,S├úo Paulo,SP,3,Sudeste,SE,3541406.0,Presidente Prudente/SP,357.325
3524006,Itupeva,350039,Jundia├¡,3510,Campinas,35,S├úo Paulo,SP,3,Sudeste,SE,3525904.0,Jundia├¡/SP,201.214
3539707,Platina,350014,Assis,3504,Mar├¡lia,35,S├úo Paulo,SP,3,Sudeste,SE,,,327.48
3556701,Vinhedo,350038,Campinas,3510,Campinas,35,S├úo Paulo,SP,3,Sudeste,SE,3509502.0,Campinas/SP,80.208
3515806,Flora Rica,350020,Dracena,3505,Presidente Prudente,35,S├úo Paulo,SP,3,Sudeste,SE,,,224.619
3548500,Santos,350002,Santos,3501,S├úo Paulo,35,S├úo Paulo,SP,3,Sudeste,SE,3548500.0,Baixada Santista/SP,281.033
3531506,Monte Azul Paulista,350032,Barretos,3508,Ribeir├úo Preto,35,S├úo Paulo,SP,3,Sudeste,SE,,,263.463
3507753,Brejo Alegre,350023,Birigui - Pen├ípolis,3506,Ara├ºatuba,35,S├úo Paulo,SP,3,Sudeste,SE,3506508.0,Birigui/SP,105.689
3556800,Viradouro,350032,Barretos,3508,Ribeir├úo Preto,35,S├úo Paulo,SP,3,Sudeste,SE,,,217.726
3548609,S├úo Bento do Sapuca├¡,350050,Taubat├® - Pindamonhangaba,3511,S├úo Jos├® dos Campos,35,S├úo Paulo,SP,3,Sudeste,SE,,,252.579
3523305,Itariri,350002,Santos,3501,S├úo Paulo,35,S├úo Paulo,SP,3,Sudeste,SE,,,273.956
3515129,Emilian├│polis,350018,Presidente Prudente,3505,Presidente Prudente,35,S├úo Paulo,SP,3,Sudeste,SE,3541406.0,Presidente Prudente/SP,225.177
3515103,Embu-Gua├ºu,350001,S├úo Paulo,3501,S├úo Paulo,35,S├úo Paulo,SP,3,Sudeste,SE,3550308.0,S├úo Paulo/SP,155.285
3547908,Santo Ant├┤nio da Alegria,350031,Ribeir├úo Preto,3508,Ribeir├úo Preto,35,S├úo Paulo,SP,3,Sudeste,SE,,,310.311
3515202,Estrela d'Oeste,350029,Fernand├│polis,3507,S├úo Jos├® do Rio Preto,35,S├úo Paulo,SP,3,Sudeste,SE,,,296.281
3515194,Esp├¡rito Santo do Turvo,350015,Ourinhos,3504,Mar├¡lia,35,S├úo Paulo,SP,3,Sudeste,SE,,,193.666
3515186,Esp├¡rito Santo do Pinhal,350044,S├úo Jo├úo da Boa Vista,3510,Campinas,35,S├úo Paulo,SP,3,Sudeste,SE,,,389.235
3523206,Itarar├®,350004,Itapeva,3502,Sorocaba,35,S├úo Paulo,SP,3,Sudeste,SE,,,1003.86
3515152,Engenheiro Coelho,350042,Limeira,3510,Campinas,35,S├úo Paulo,SP,3,Sudeste,SE,,,109.574
3515004,Embu das Artes,350001,S├úo Paulo,3501,S├úo Paulo,35,S├úo Paulo,SP,3,Sudeste,SE,3550308.0,S├úo Paulo/SP,70.264
3507605,Bragan├ºa Paulista,350041,Bragan├ºa Paulista,3510,Campinas,35,S├úo Paulo,SP,3,Sudeste,SE,3507605.0,Bragan├ºa Paulista,512.584
3556107,Valentim Gentil,350027,Votuporanga,3507,S├úo Jos├® do Rio Preto,35,S├úo Paulo,SP,3,Sudeste,SE,,,149.741
3514957,Emba├║ba,350026,Catanduva,3507,S├úo Jos├® do Rio Preto,35,S├úo Paulo,SP,3,Sudeste,SE,3511102.0,Catanduva/SP,83.129
3539608,Planalto,350025,S├úo Jos├® do Rio Preto,3507,S├úo Jos├® do Rio Preto,35,S├úo Paulo,SP,3,Sudeste,SE,,,289.825
3506904,Bofete,350011,Botucatu,3503,Bauru,35,S├úo Paulo,SP,3,Sudeste,SE,,,654.546
3531407,Monte Apraz├¡vel,350025,S├úo Jos├® do Rio Preto,3507,S├úo Jos├® do Rio Preto,35,S├úo Paulo,SP,3,Sudeste,SE,,,495.559
3507001,Boituva,350003,Sorocaba,3502,Sorocaba,35,S├úo Paulo,SP,3,Sudeste,SE,,,248.954
3556008,Urup├¬s,350025,S├úo Jos├® do Rio Preto,3507,S├úo Jos├® do Rio Preto,35,S├úo Paulo,SP,3,Sudeste,SE,,,323.916
3547809,Santo Andr├®,350001,S├úo Paulo,3501,S├úo Paulo,35,S├úo Paulo,SP,3,Sudeste,SE,3550308.0,S├úo Paulo/SP,175.801
3506805,Bocaina,350010,Ja├║,3503,Bauru,35,S├úo Paulo,SP,3,Sudeste,SE,,,363.926
3515350,Euclides da Cunha Paulista,350018,Presidente Prudente,3505,Presidente Prudente,35,S├úo Paulo,SP,3,Sudeste,SE,,,571.169
3540002,Pomp├®ia,350013,Mar├¡lia,3504,Mar├¡lia,35,S├úo Paulo,SP,3,Sudeste,SE,,,784.674
3556354,Vargem,350041,Bragan├ºa Paulista,3510,Campinas,35,S├úo Paulo,SP,3,Sudeste,SE,,,142.595
3531803,Monte Mor,350038,Campinas,3510,Campinas,35,S├úo Paulo,SP,3,Sudeste,SE,3509502.0,Campinas/SP,240.566
3523602,Itirapina,350037,S├úo Carlos,3509,Araraquara,35,S├úo Paulo,SP,3,Sudeste,SE,,,564.603
3556305,Valpara├¡so,350022,Ara├ºatuba,3506,Ara├ºatuba,35,S├úo Paulo,SP,3,Sudeste,SE,,,857.661
3539806,Po├í,350001,S├úo Paulo,3501,S├úo Paulo,35,S├úo Paulo,SP,3,Sudeste,SE,3550308.0,S├úo Paulo/SP,17.264
3515400,Fartura,350017,Piraju,3504,Mar├¡lia,35,S├úo Paulo,SP,3,Sudeste,SE,,,429.171
3548104,Santo Ant├┤nio do Jardim,350044,S├úo Jo├úo da Boa Vista,3510,Campinas,35,S├úo Paulo,SP,3,Sudeste,SE,,,109.956
3556404,Vargem Grande do Sul,350044,S├úo Jo├úo da Boa Vista,3510,Campinas,35,S├úo Paulo,SP,3,Sudeste,SE,,,267.178
3531605,Monte Castelo,350020,Dracena,3505,Presidente Prudente,35,S├úo Paulo,SP,3,Sudeste,SE,,,233.289
3539905,Poloni,350025,S├úo Jos├® do Rio Preto,3507,S├úo Jos├® do Rio Preto,35,S├úo Paulo,SP,3,Sudeste,SE,,,135.119
3548203,Santo Ant├┤nio do Pinhal,350050,Taubat├® - Pindamonhangaba,3511,S├úo Jos├® dos Campos,35,S├úo Paulo,SP,3,Sudeste,SE,,,132.966
3523404,Itatiba,350039,Jundia├¡,3510,Campinas,35,S├úo Paulo,SP,3,Sudeste,SE,3523404.0,Itatiba,322.253
3531704,Monteiro Lobato,350049,S├úo Jos├® dos Campos,3511,S├úo Jos├® dos Campos,35,S├úo Paulo,SP,3,Sudeste,SE,3549904.0,S├úo Jos├® dos Campos/SP,332.408
3523503,Itatinga,350011,Botucatu,3503,Bauru,35,S├úo Paulo,SP,3,Sudeste,SE,,,979.526
3507159,Bom Sucesso de Itarar├®,350004,Itapeva,3502,Sorocaba,35,S├úo Paulo,SP,3,Sudeste,SE,,,133.578
3556206,Valinhos,350038,Campinas,3510,Campinas,35,S├úo Paulo,SP,3,Sudeste,SE,3509502.0,Campinas/SP,148.72
3539202,Pirapozinho,350018,Presidente Prudente,3505,Presidente Prudente,35,S├úo Paulo,SP,3,Sudeste,SE,3541406.0,Presidente Prudente/SP,477.673
3515301,Estrela do Norte,350018,Presidente Prudente,3505,Presidente Prudente,35,S├úo Paulo,SP,3,Sudeste,SE,3541406.0,Presidente Prudente/SP,264.987
3548005,Santo Ant├┤nio de Posse,350038,Campinas,3510,Campinas,35,S├úo Paulo,SP,3,Sudeste,SE,,,154.133
3531001,Mon├º├Áes,350022,Ara├ºatuba,3506,Ara├ºatuba,35,S├úo Paulo,SP,3,Sudeste,SE,,,104.352
3522802,Itaporanga,350004,Itapeva,3502,Sorocaba,35,S├úo Paulo,SP,3,Sudeste,SE,,,507.997
3507209,Bor├í,350014,Assis,3504,Mar├¡lia,35,S├úo Paulo,SP,3,Sudeste,SE,,,118.951
3514601,Dumont,350031,Ribeir├úo Preto,3508,Ribeir├úo Preto,35,S├úo Paulo,SP,3,Sudeste,SE,,,111.361
3548054,Santo Ant├┤nio do Aracangu├í,350022,Ara├ºatuba,3506,Ara├ºatuba,35,S├úo Paulo,SP,3,Sudeste,SE,,,1308.889
3507100,Bom Jesus dos Perd├Áes,350041,Bragan├ºa Paulista,3510,Campinas,35,S├úo Paulo,SP,3,Sudeste,SE,3504107.0,Atibaia/SP,108.366
3514502,Duartina,350009,Bauru,3503,Bauru,35,S├úo Paulo,SP,3,Sudeste,SE,,,264.557
3522653,Itapirapu├ú Paulista,350004,Itapeva,3502,Sorocaba,35,S├úo Paulo,SP,3,Sudeste,SE,,,406.478
3555604,Uchoa,350025,S├úo Jos├® do Rio Preto,3507,S├úo Jos├® do Rio Preto,35,S├úo Paulo,SP,3,Sudeste,SE,3549805.0,S├úo Jos├® do Rio Preto/SP,256.982
3539103,Pirapora do Bom Jesus,350001,S├úo Paulo,3501,S├úo Paulo,35,S├úo Paulo,SP,3,Sudeste,SE,3550308.0,S├úo Paulo/SP,108.304
3506409,Bilac,350023,Birigui - Pen├ípolis,3506,Ara├ºatuba,35,S├úo Paulo,SP,3,Sudeste,SE,,,158.025
3547403,Santa Rita d'Oeste,350030,Santa F├® do Sul,3507,S├úo Jos├® do Rio Preto,35,S├úo Paulo,SP,3,Sudeste,SE,,,209.8
3530904,Mombuca,350040,Piracicaba,3510,Campinas,35,S├úo Paulo,SP,3,Sudeste,SE,,,133.698
3522703,It├ípolis,350036,Araraquara,3509,Araraquara,35,S├úo Paulo,SP,3,Sudeste,SE,,,996.747
3555406,Ubatuba,350051,Caraguatatuba - Ubatuba - S├úo Sebasti├úo,3511,S├úo Jos├® dos Campos,35,S├úo Paulo,SP,3,Sudeste,SE,3510500.0,Caraguatatuba - Ubatuba - S├úo Sebasti├úo/SP,708.246
3555505,Ubirajara,350009,Bauru,3503,Bauru,35,S├úo Paulo,SP,3,Sudeste,SE,,,282.179
3539400,Piratininga,350009,Bauru,3503,Bauru,35,S├úo Paulo,SP,3,Sudeste,SE,3506003.0,Bauru/SP,402.409
3531209,Monte Alegre do Sul,350048,Amparo,3510,Campinas,35,S├úo Paulo,SP,3,Sudeste,SE,,,110.308
3539509,Pitangueiras,350031,Ribeir├úo Preto,3508,Ribeir├úo Preto,35,S├úo Paulo,SP,3,Sudeste,SE,,,430.638
3547304,Santana de Parna├¡ba,350001,S├úo Paulo,3501,S├úo Paulo,35,S├úo Paulo,SP,3,Sudeste,SE,3550308.0,S├úo Paulo/SP,179.89
3506300,Bernardino de Campos,350015,Ourinhos,3504,Mar├¡lia,35,S├úo Paulo,SP,3,Sudeste,SE,,,244.158
3531308,Monte Alto,350031,Ribeir├úo Preto,3508,Ribeir├úo Preto,35,S├úo Paulo,SP,3,Sudeste,SE,,,346.95
3547650,Santa Salete,350028,Jales,3507,S├úo Jos├® do Rio Preto,35,S├úo Paulo,SP,3,Sudeste,SE,,,79.192
3523107,Itaquaquecetuba,350001,S├úo Paulo,3501,S├úo Paulo,35,S├úo Paulo,SP,3,Sudeste,SE,3550308.0,S├úo Paulo/SP,82.575
3514924,Elisi├írio,350026,Catanduva,3507,S├úo Jos├® do Rio Preto,35,S├úo Paulo,SP,3,Sudeste,SE,3511102.0,Catanduva/SP,93.314
3555802,Ur├ónia,350028,Jales,3507,S├úo Jos├® do Rio Preto,35,S├úo Paulo,SP,3,Sudeste,SE,,,209.262
3506359,Bertioga,350002,Santos,3501,S├úo Paulo,35,S├úo Paulo,SP,3,Sudeste,SE,,,491.546
3514908,Elias Fausto,350038,Campinas,3510,Campinas,35,S├úo Paulo,SP,3,Sudeste,SE,,,202.36
3539301,Pirassununga,350037,S├úo Carlos,3509,Araraquara,35,S├úo Paulo,SP,3,Sudeste,SE,,,727.714
3547601,Santa Rosa de Viterbo,350031,Ribeir├úo Preto,3508,Ribeir├úo Preto,35,S├úo Paulo,SP,3,Sudeste,SE,,,288.576
3555901,Uru,350012,Lins,3503,Bauru,35,S├úo Paulo,SP,3,Sudeste,SE,,,146.901
3531100,Mongagu├í,350002,Santos,3501,S├úo Paulo,35,S├úo Paulo,SP,3,Sudeste,SE,3548500.0,Baixada Santista/SP,142.521
3547700,Santo Anast├ício,350018,Presidente Prudente,3505,Presidente Prudente,35,S├úo Paulo,SP,3,Sudeste,SE,,,552.876
3522901,Itapu├¡,350010,Ja├║,3503,Bauru,35,S├úo Paulo,SP,3,Sudeste,SE,,,140.023
3523008,Itapura,350024,Andradina,3506,Ara├ºatuba,35,S├úo Paulo,SP,3,Sudeste,SE,,,301.653
3514700,Echapor├ú,350013,Mar├¡lia,3504,Mar├¡lia,35,S├úo Paulo,SP,3,Sudeste,SE,,,515.258
3555703,Uni├úo Paulista,350025,S├úo Jos├® do Rio Preto,3507,S├úo Jos├® do Rio Preto,35,S├úo Paulo,SP,3,Sudeste,SE,,,79.056
3514809,Eldorado,350005,Registro,3502,Sorocaba,35,S├úo Paulo,SP,3,Sudeste,SE,,,1654.256
3547502,Santa Rita do Passa Quatro,350037,S├úo Carlos,3509,Araraquara,35,S├úo Paulo,SP,3,Sudeste,SE,,,752.911
3522307,Itapetininga,350006,Itapetininga,3502,Sorocaba,35,S├úo Paulo,SP,3,Sudeste,SE,3522307.0,Itapetininga/SP,1789.35
3514106,Dois C├│rregos,350010,Ja├║,3503,Bauru,35,S├úo Paulo,SP,3,Sudeste,SE,,,632.972
3506706,Boa Esperan├ºa do Sul,350036,Araraquara,3509,Araraquara,35,S├úo Paulo,SP,3,Sudeste,SE,,,690.748
3538709,Piracicaba,350040,Piracicaba,3510,Campinas,35,S├úo Paulo,SP,3,Sudeste,SE,3538709.0,Piracicaba/SP,1377.173
3506508,Birigui,350023,Birigui - Pen├ípolis,3506,Ara├ºatuba,35,S├úo Paulo,SP,3,Sudeste,SE,3506508.0,Birigui/SP,530.031
3530508,Mococa,350047,S├úo Jos├® do Rio Pardo - Mococa,3510,Campinas,35,S├úo Paulo,SP,3,Sudeste,SE,,,855.701
3506607,Biritiba Mirim,350001,S├úo Paulo,3501,S├úo Paulo,35,S├úo Paulo,SP,3,Sudeste,SE,3550308.0,S├úo Paulo/SP,317.406
3522158,Itaoca,350004,Itapeva,3502,Sorocaba,35,S├úo Paulo,SP,3,Sudeste,SE,,,183.015
3555109,Tupi Paulista,350020,Dracena,3505,Presidente Prudente,35,S├úo Paulo,SP,3,Sudeste,SE,,,244.663
3538600,Piracaia,350041,Bragan├ºa Paulista,3510,Campinas,35,S├úo Paulo,SP,3,Sudeste,SE,,,385.64
3505906,Batatais,350031,Ribeir├úo Preto,3508,Ribeir├úo Preto,35,S├úo Paulo,SP,3,Sudeste,SE,,,849.526
3546900,Santa L├║cia,350036,Araraquara,3509,Araraquara,35,S├úo Paulo,SP,3,Sudeste,SE,3503208.0,Araraquara/SP,153.86
3530409,Mirassol├óndia,350025,S├úo Jos├® do Rio Preto,3507,S├úo Jos├® do Rio Preto,35,S├úo Paulo,SP,3,Sudeste,SE,3549805.0,S├úo Jos├® do Rio Preto/SP,166.125
3522208,Itapecerica da Serra,350001,S├úo Paulo,3501,S├úo Paulo,35,S├úo Paulo,SP,3,Sudeste,SE,3550308.0,S├úo Paulo/SP,151.012
3554904,Tr├¬s Fronteiras,350030,Santa F├® do Sul,3507,S├úo Jos├® do Rio Preto,35,S├úo Paulo,SP,3,Sudeste,SE,,,151.594
3514007,Dobrada,350036,Araraquara,3509,Araraquara,35,S├úo Paulo,SP,3,Sudeste,SE,,,149.729
3538907,Piraju├¡,350009,Bauru,3503,Bauru,35,S├úo Paulo,SP,3,Sudeste,SE,,,823.758
3546702,Santa Gertrudes,350046,Rio Claro,3510,Campinas,35,S├úo Paulo,SP,3,Sudeste,SE,3543907.0,Rio Claro/SP,98.045
3555000,Tup├ú,350016,Tup├ú,3504,Mar├¡lia,35,S├úo Paulo,SP,3,Sudeste,SE,,,627.986
3530706,Mogi Gua├ºu,350043,Mogi Gua├ºu,3510,Campinas,35,S├úo Paulo,SP,3,Sudeste,SE,3530706.0,Mogi Gua├ºu - Mogi Mirim/SP,812.753
3539004,Pirangi,350026,Catanduva,3507,S├úo Jos├® do Rio Preto,35,S├úo Paulo,SP,3,Sudeste,SE,,,215.809
3546801,Santa Isabel,350001,S├úo Paulo,3501,S├úo Paulo,35,S├úo Paulo,SP,3,Sudeste,SE,3550308.0,S├úo Paulo/SP,362.875
3522505,Itapevi,350001,S├úo Paulo,3501,S├úo Paulo,35,S├úo Paulo,SP,3,Sudeste,SE,3550308.0,S├úo Paulo/SP,82.583
3530805,Mogi Mirim,350043,Mogi Gua├ºu,3510,Campinas,35,S├úo Paulo,SP,3,Sudeste,SE,3530706.0,Mogi Gua├ºu - Mogi Mirim/SP,497.709
3554953,Tuiuti,350041,Bragan├ºa Paulista,3510,Campinas,35,S├úo Paulo,SP,3,Sudeste,SE,,,126.731
3522604,Itapira,350043,Mogi Gua├ºu,3510,Campinas,35,S├úo Paulo,SP,3,Sudeste,SE,,,518.431
3555307,Turmalina,350028,Jales,3507,S├úo Jos├® do Rio Preto,35,S├úo Paulo,SP,3,Sudeste,SE,,,147.797
3538808,Piraju,350017,Piraju,3504,Mar├¡lia,35,S├úo Paulo,SP,3,Sudeste,SE,,,504.591
3514403,Dracena,350020,Dracena,3505,Presidente Prudente,35,S├úo Paulo,SP,3,Sudeste,SE,,,487.271
3547106,Santa Mercedes,350020,Dracena,3505,Presidente Prudente,35,S├úo Paulo,SP,3,Sudeste,SE,,,166.884
3530607,Mogi das Cruzes,350001,S├úo Paulo,3501,S├úo Paulo,35,S├úo Paulo,SP,3,Sudeste,SE,3550308.0,S├úo Paulo/SP,712.532
3547205,Santana da Ponte Pensa,350030,Santa F├® do Sul,3507,S├úo Jos├® do Rio Preto,35,S├úo Paulo,SP,3,Sudeste,SE,,,129.888
3505807,Bastos,350016,Tup├ú,3504,Mar├¡lia,35,S├úo Paulo,SP,3,Sudeste,SE,,,170.912
3522406,Itapeva,350004,Itapeva,3502,Sorocaba,35,S├úo Paulo,SP,3,Sudeste,SE,,,1826.258
3555356,Ubarana,350025,S├úo Jos├® do Rio Preto,3507,S├úo Jos├® do Rio Preto,35,S├úo Paulo,SP,3,Sudeste,SE,,,209.861
3514205,Dolcin├│polis,350028,Jales,3507,S├úo Jos├® do Rio Preto,35,S├úo Paulo,SP,3,Sudeste,SE,,,77.939
3514304,Dourado,350037,S├úo Carlos,3509,Araraquara,35,S├úo Paulo,SP,3,Sudeste,SE,,,205.874
3547007,Santa Maria da Serra,350040,Piracicaba,3510,Campinas,35,S├úo Paulo,SP,3,Sudeste,SE,,,252.621
3513603,Cunha,350052,Guaratinguet├í,3511,S├úo Jos├® dos Campos,35,S├úo Paulo,SP,3,Sudeste,SE,,,1407.098
3506201,Bento de Abreu,350022,Ara├ºatuba,3506,Ara├ºatuba,35,S├úo Paulo,SP,3,Sudeste,SE,,,301.687
3555208,Turi├║ba,350023,Birigui - Pen├ípolis,3506,Ara├ºatuba,35,S├úo Paulo,SP,3,Sudeste,SE,,,153.492
3538204,Pinhalzinho,350041,Bragan├ºa Paulista,3510,Campinas,35,S├úo Paulo,SP,3,Sudeste,SE,,,154.529
3506003,Bauru,350009,Bauru,3503,Bauru,35,S├úo Paulo,SP,3,Sudeste,SE,3506003.0,Bauru/SP,667.684
3530003,Mira Estrela,350029,Fernand├│polis,3507,S├úo Jos├® do Rio Preto,35,S├úo Paulo,SP,3,Sudeste,SE,,,216.825
3521804,Ita├¡,350007,Avar├®,3502,Sorocaba,35,S├úo Paulo,SP,3,Sudeste,SE,,,1092.884
3506102,Bebedouro,350032,Barretos,3508,Ribeir├úo Preto,35,S├úo Paulo,SP,3,Sudeste,SE,,,683.192
3554508,Tiet├¬,350003,Sorocaba,3502,Sorocaba,35,S├úo Paulo,SP,3,Sudeste,SE,,,405.034
3538006,Pindamonhangaba,350050,Taubat├® - Pindamonhangaba,3511,S├úo Jos├® dos Campos,35,S├úo Paulo,SP,3,Sudeste,SE,3549904.0,S├úo Jos├® dos Campos/SP,731.356
3554607,Timburi,350017,Piraju,3504,Mar├¡lia,35,S├úo Paulo,SP,3,Sudeste,SE,,,196.79
3529807,Mineiros do Tiet├¬,350010,Ja├║,3503,Bauru,35,S├úo Paulo,SP,3,Sudeste,SE,,,213.242
3538105,Pindorama,350026,Catanduva,3507,S├úo Jos├® do Rio Preto,35,S├úo Paulo,SP,3,Sudeste,SE,3511102.0,Catanduva/SP,184.825
3546405,Santa Cruz do Rio Pardo,350015,Ourinhos,3504,Mar├¡lia,35,S├úo Paulo,SP,3,Sudeste,SE,,,1114.747
3505401,Barra do Turvo,350005,Registro,3502,Sorocaba,35,S├úo Paulo,SP,3,Sudeste,SE,,,1007.684
3529906,Miracatu,350005,Registro,3502,Sorocaba,35,S├úo Paulo,SP,3,Sudeste,SE,,,1002.2
3521705,Itaber├í,350004,Itapeva,3502,Sorocaba,35,S├úo Paulo,SP,3,Sudeste,SE,,,1100.247
3554409,Terra Roxa,350032,Barretos,3508,Ribeir├úo Preto,35,S├úo Paulo,SP,3,Sudeste,SE,,,221.54
3505351,Barra do Chap├®u,350004,Itapeva,3502,Sorocaba,35,S├úo Paulo,SP,3,Sudeste,SE,,,405.681
3513504,Cubat├úo,350002,Santos,3501,S├úo Paulo,35,S├úo Paulo,SP,3,Sudeste,SE,3548500.0,Baixada Santista/SP,143.649
3546207,Santa Cruz da Concei├º├úo,350045,Araras,3510,Campinas,35,S├úo Paulo,SP,3,Sudeste,SE,,,150.13
3546306,Santa Cruz das Palmeiras,350044,S├úo Jo├úo da Boa Vista,3510,Campinas,35,S├úo Paulo,SP,3,Sudeste,SE,,,295.33
3530201,Mirante do Paranapanema,350018,Presidente Prudente,3505,Presidente Prudente,35,S├úo Paulo,SP,3,Sudeste,SE,,,1238.931
3538501,Piquete,350052,Guaratinguet├í,3511,S├úo Jos├® dos Campos,35,S├úo Paulo,SP,3,Sudeste,SE,,,175.996
3513850,Dirce Reis,350028,Jales,3507,S├úo Jos├® do Rio Preto,35,S├úo Paulo,SP,3,Sudeste,SE,,,88.152
3522000,Itaju,350010,Ja├║,3503,Bauru,35,S├úo Paulo,SP,3,Sudeste,SE,,,230.355
3530300,Mirassol,350025,S├úo Jos├® do Rio Preto,3507,S├úo Jos├® do Rio Preto,35,S├úo Paulo,SP,3,Sudeste,SE,3549805.0,S├úo Jos├® do Rio Preto/SP,243.228
3546256,Santa Cruz da Esperan├ºa,350031,Ribeir├úo Preto,3508,Ribeir├úo Preto,35,S├úo Paulo,SP,3,Sudeste,SE,3543402.0,Ribeir├úo Preto/SP,148.062
3522109,Itanha├®m,350002,Santos,3501,S├úo Paulo,35,S├úo Paulo,SP,3,Sudeste,SE,3548500.0,Baixada Santista/SP,601.018
3513801,Diadema,350001,S├úo Paulo,3501,S├úo Paulo,35,S├úo Paulo,SP,3,Sudeste,SE,3550308.0,S├úo Paulo/SP,30.806
3554805,Trememb├®,350050,Taubat├® - Pindamonhangaba,3511,S├úo Jos├® dos Campos,35,S├úo Paulo,SP,3,Sudeste,SE,3549904.0,S├úo Jos├® dos Campos/SP,190.93
3538303,Piquerobi,350021,Presidente Epit├ício-Presidente Venceslau,3505,Presidente Prudente,35,S├úo Paulo,SP,3,Sudeste,SE,,,482.769
3513900,Divinol├óndia,350047,S├úo Jos├® do Rio Pardo - Mococa,3510,Campinas,35,S├úo Paulo,SP,3,Sudeste,SE,,,223.749
3546603,Santa F├® do Sul,350030,Santa F├® do Sul,3507,S├úo Jos├® do Rio Preto,35,S├úo Paulo,SP,3,Sudeste,SE,,,206.537
3530102,Mirand├│polis,350024,Andradina,3506,Ara├ºatuba,35,S├úo Paulo,SP,3,Sudeste,SE,,,917.692
3521903,Itajobi,350026,Catanduva,3507,S├úo Jos├® do Rio Preto,35,S├úo Paulo,SP,3,Sudeste,SE,,,502.066
3505302,Barra Bonita,350010,Ja├║,3503,Bauru,35,S├úo Paulo,SP,3,Sudeste,SE,,,150.121
3513702,Descalvado,350037,S├úo Carlos,3509,Araraquara,35,S├úo Paulo,SP,3,Sudeste,SE,,,753.926
3505609,Barrinha,350031,Ribeir├úo Preto,3508,Ribeir├úo Preto,35,S├úo Paulo,SP,3,Sudeste,SE,,,148.756
3554656,Torre de Pedra,350008,Tatu├¡,3502,Sorocaba,35,S├úo Paulo,SP,3,Sudeste,SE,,,71.506
3505708,Barueri,350001,S├úo Paulo,3501,S├úo Paulo,35,S├úo Paulo,SP,3,Sudeste,SE,3550308.0,S├úo Paulo/SP,66.364
3554755,Trabiju,350036,Araraquara,3509,Araraquara,35,S├úo Paulo,SP,3,Sudeste,SE,,,63.421
3554706,Torrinha,350010,Ja├║,3503,Bauru,35,S├úo Paulo,SP,3,Sudeste,SE,,,315.267
3537701,Piacatu,350023,Birigui - Pen├ípolis,3506,Ara├ºatuba,35,S├úo Paulo,SP,3,Sudeste,SE,,,232.488
3546504,Santa Ernestina,350031,Ribeir├úo Preto,3508,Ribeir├úo Preto,35,S├úo Paulo,SP,3,Sudeste,SE,,,134.421
3505500,Barretos,350032,Barretos,3508,Ribeir├úo Preto,35,S├úo Paulo,SP,3,Sudeste,SE,3505500.0,Barretos,1566.161
3529500,Mendon├ºa,350025,S├úo Jos├® do Rio Preto,3507,S├úo Jos├® do Rio Preto,35,S├úo Paulo,SP,3,Sudeste,SE,,,195.151
3521309,Ipu├ú,350034,S├úo Joaquim da Barra - Orl├óndia,3508,Ribeir├úo Preto,35,S├úo Paulo,SP,3,Sudeste,SE,,,466.461
3554003,Tatu├¡,350008,Tatu├¡,3502,Sorocaba,35,S├úo Paulo,SP,3,Sudeste,SE,3554003.0,Tatu├¡,523.749
3513108,Cravinhos,350031,Ribeir├úo Preto,3508,Ribeir├úo Preto,35,S├úo Paulo,SP,3,Sudeste,SE,3543402.0,Ribeir├úo Preto/SP,311.423
3537503,Pereiras,350008,Tatu├¡,3502,Sorocaba,35,S├úo Paulo,SP,3,Sudeste,SE,,,223.136
3521150,Ipigu├í,350025,S├úo Jos├® do Rio Preto,3507,S├úo Jos├® do Rio Preto,35,S├úo Paulo,SP,3,Sudeste,SE,3549805.0,S├úo Jos├® do Rio Preto/SP,136.028
3545803,Santa B├írbara d'Oeste,350038,Campinas,3510,Campinas,35,S├úo Paulo,SP,3,Sudeste,SE,3501608.0,Americana - Santa B├írbara d┬┤Oeste/SP,271.03
3554102,Taubat├®,350050,Taubat├® - Pindamonhangaba,3511,S├úo Jos├® dos Campos,35,S├úo Paulo,SP,3,Sudeste,SE,3549904.0,S├úo Jos├® dos Campos/SP,624.924
3529302,Mat├úo,350036,Araraquara,3509,Araraquara,35,S├úo Paulo,SP,3,Sudeste,SE,,,524.899
3537602,Peru├¡be,350002,Santos,3501,S├úo Paulo,35,S├úo Paulo,SP,3,Sudeste,SE,,,323.331
3521101,Ipe├║na,350046,Rio Claro,3510,Campinas,35,S├úo Paulo,SP,3,Sudeste,SE,3543907.0,Rio Claro/SP,190.01
3529401,Mau├í,350001,S├úo Paulo,3501,S├úo Paulo,35,S├úo Paulo,SP,3,Sudeste,SE,3550308.0,S├úo Paulo/SP,62.034
3521200,Iporanga,350005,Registro,3502,Sorocaba,35,S├úo Paulo,SP,3,Sudeste,SE,,,1152.059
3553906,Tarabai,350018,Presidente Prudente,3505,Presidente Prudente,35,S├úo Paulo,SP,3,Sudeste,SE,3541406.0,Presidente Prudente/SP,201.385
3513009,Cotia,350001,S├úo Paulo,3501,S├úo Paulo,35,S├úo Paulo,SP,3,Sudeste,SE,3550308.0,S├úo Paulo/SP,324.0
3537909,Pilar do Sul,350003,Sorocaba,3502,Sorocaba,35,S├úo Paulo,SP,3,Sudeste,SE,,,681.248
3545704,Santa Albertina,350028,Jales,3507,S├úo Jos├® do Rio Preto,35,S├úo Paulo,SP,3,Sudeste,SE,,,272.692
3529708,Miguel├│polis,350035,Ituverava,3508,Ribeir├úo Preto,35,S├úo Paulo,SP,3,Sudeste,SE,,,820.849
3521507,Irapu├ú,350025,S├úo Jos├® do Rio Preto,3507,S├úo Jos├® do Rio Preto,35,S├úo Paulo,SP,3,Sudeste,SE,,,257.611
3504909,Bananal,350053,Cruzeiro,3511,S├úo Jos├® dos Campos,35,S├úo Paulo,SP,3,Sudeste,SE,,,616.934
3553955,Tarum├ú,350014,Assis,3504,Mar├¡lia,35,S├úo Paulo,SP,3,Sudeste,SE,,,302.913
3513306,Cruz├ília,350014,Assis,3504,Mar├¡lia,35,S├úo Paulo,SP,3,Sudeste,SE,,,149.33
3521606,Irapuru,350020,Dracena,3505,Presidente Prudente,35,S├úo Paulo,SP,3,Sudeste,SE,,,214.078
3554300,Teodoro Sampaio,350018,Presidente Prudente,3505,Presidente Prudente,35,S├úo Paulo,SP,3,Sudeste,SE,,,1559.776
3513405,Cruzeiro,350053,Cruzeiro,3511,S├úo Jos├® dos Campos,35,S├úo Paulo,SP,3,Sudeste,SE,,,305.669
3546108,Santa Clara d'Oeste,350030,Santa F├® do Sul,3507,S├úo Jos├® do Rio Preto,35,S├úo Paulo,SP,3,Sudeste,SE,,,183.458
3521408,Iracem├ípolis,350042,Limeira,3510,Campinas,35,S├úo Paulo,SP,3,Sudeste,SE,3526902.0,Limeira/SP,115.31
3504800,B├ílsamo,350025,S├úo Jos├® do Rio Preto,3507,S├úo Jos├® do Rio Preto,35,S├úo Paulo,SP,3,Sudeste,SE,3549805.0,S├úo Jos├® do Rio Preto/SP,149.881
3513207,Cristais Paulista,350033,Franca,3508,Ribeir├úo Preto,35,S├úo Paulo,SP,3,Sudeste,SE,3516200.0,Franca/SP,385.23
3529658,Mes├│polis,350028,Jales,3507,S├úo Jos├® do Rio Preto,35,S├úo Paulo,SP,3,Sudeste,SE,,,148.636
3537800,Piedade,350003,Sorocaba,3502,Sorocaba,35,S├úo Paulo,SP,3,Sudeste,SE,,,746.903
3505104,Barbosa,350023,Birigui - Pen├ípolis,3506,Ara├ºatuba,35,S├úo Paulo,SP,3,Sudeste,SE,,,205.212
3537156,Pedrinhas Paulista,350014,Assis,3504,Mar├¡lia,35,S├úo Paulo,SP,3,Sudeste,SE,,,152.309
3529609,Meridiano,350029,Fernand├│polis,3507,S├úo Jos├® do Rio Preto,35,S├úo Paulo,SP,3,Sudeste,SE,,,228.199
3505203,Bariri,350010,Ja├║,3503,Bauru,35,S├úo Paulo,SP,3,Sudeste,SE,,,444.405
3537107,Pedreira,350038,Campinas,3510,Campinas,35,S├úo Paulo,SP,3,Sudeste,SE,,,108.817
3528908,Mari├ípolis,350019,Adamantina - Luc├®lia,3505,Presidente Prudente,35,S├úo Paulo,SP,3,Sudeste,SE,,,186.432
3537206,Pedro de Toledo,350002,Santos,3501,S├úo Paulo,35,S├úo Paulo,SP,3,Sudeste,SE,,,672.83
3554201,Tejup├í,350017,Piraju,3504,Mar├¡lia,35,S├úo Paulo,SP,3,Sudeste,SE,,,296.189
3546009,Santa Branca,350049,S├úo Jos├® dos Campos,3511,S├úo Jos├® dos Campos,35,S├úo Paulo,SP,3,Sudeste,SE,3549904.0,S├úo Jos├® dos Campos/SP,272.238
3505005,Bar├úo de Antonina,350004,Itapeva,3502,Sorocaba,35,S├úo Paulo,SP,3,Sudeste,SE,,,153.142
3529005,Mar├¡lia,350013,Mar├¡lia,3504,Mar├¡lia,35,S├úo Paulo,SP,3,Sudeste,SE,3529005.0,Mar├¡lia/SP,1170.515
3520806,In├║bia Paulista,350019,Adamantina - Luc├®lia,3505,Presidente Prudente,35,S├úo Paulo,SP,3,Sudeste,SE,,,87.119
3553500,Tapira├¡,350003,Sorocaba,3502,Sorocaba,35,S├úo Paulo,SP,3,Sudeste,SE,,,754.421
3537008,Pedregulho,350033,Franca,3508,Ribeir├úo Preto,35,S├úo Paulo,SP,3,Sudeste,SE,,,712.604
3512605,Coronel Macedo,350007,Avar├®,3502,Sorocaba,35,S├úo Paulo,SP,3,Sudeste,SE,,,303.83
3545308,Salto de Pirapora,350003,Sorocaba,3502,Sorocaba,35,S├úo Paulo,SP,3,Sudeste,SE,3552205.0,Sorocaba/SP,280.412
3528809,Maraca├¡,350014,Assis,3504,Mar├¡lia,35,S├úo Paulo,SP,3,Sudeste,SE,,,533.498
3545407,Salto Grande,350015,Ourinhos,3504,Mar├¡lia,35,S├úo Paulo,SP,3,Sudeste,SE,,,188.441
3520608,Indiana,350018,Presidente Prudente,3505,Presidente Prudente,35,S├úo Paulo,SP,3,Sudeste,SE,3541406.0,Presidente Prudente/SP,129.019
3512407,Cordeir├│polis,350042,Limeira,3510,Campinas,35,S├úo Paulo,SP,3,Sudeste,SE,,,137.678
3520707,Indiapor├ú,350029,Fernand├│polis,3507,S├úo Jos├® do Rio Preto,35,S├úo Paulo,SP,3,Sudeste,SE,,,279.606
3553401,Tanabi,350025,S├úo Jos├® do Rio Preto,3507,S├úo Jos├® do Rio Preto,35,S├úo Paulo,SP,3,Sudeste,SE,,,747.218
3528858,Marapoama,350026,Catanduva,3507,S├úo Jos├® do Rio Preto,35,S├úo Paulo,SP,3,Sudeste,SE,3511102.0,Catanduva/SP,111.267
3512506,Coroados,350023,Birigui - Pen├ípolis,3506,Ara├ºatuba,35,S├úo Paulo,SP,3,Sudeste,SE,3506508.0,Birigui/SP,246.826
3545209,Salto,350003,Sorocaba,3502,Sorocaba,35,S├úo Paulo,SP,3,Sudeste,SE,3523909.0,Itu - Salto/SP,133.057
3537404,Pereira Barreto,350024,Andradina,3506,Ara├ºatuba,35,S├úo Paulo,SP,3,Sudeste,SE,,,974.248
3529203,Martin├│polis,350018,Presidente Prudente,3505,Presidente Prudente,35,S├úo Paulo,SP,3,Sudeste,SE,,,1251.492
3545159,Saltinho,350040,Piracicaba,3510,Campinas,35,S├úo Paulo,SP,3,Sudeste,SE,3538709.0,Piracicaba/SP,99.924
3504404,Avanhandava,350023,Birigui - Pen├ípolis,3506,Ara├ºatuba,35,S├úo Paulo,SP,3,Sudeste,SE,,,338.37
3521002,Iper├│,350003,Sorocaba,3502,Sorocaba,35,S├úo Paulo,SP,3,Sudeste,SE,,,170.289
3512803,Cosm├│polis,350038,Campinas,3510,Campinas,35,S├úo Paulo,SP,3,Sudeste,SE,3509502.0,Campinas/SP,151.645
3512902,Cosmorama,350027,Votuporanga,3507,S├úo Jos├® do Rio Preto,35,S├úo Paulo,SP,3,Sudeste,SE,,,441.68
3545605,Santa Ad├®lia,350026,Catanduva,3507,S├úo Jos├® do Rio Preto,35,S├úo Paulo,SP,3,Sudeste,SE,,,330.269
3504206,Auriflama,350022,Ara├ºatuba,3506,Ara├ºatuba,35,S├úo Paulo,SP,3,Sudeste,SE,,,434.117
3504305,Ava├¡,350009,Bauru,3503,Bauru,35,S├úo Paulo,SP,3,Sudeste,SE,,,540.689
3553856,Taquariva├¡,350004,Itapeva,3502,Sorocaba,35,S├úo Paulo,SP,3,Sudeste,SE,,,231.792
3512704,Corumbata├¡,350046,Rio Claro,3510,Campinas,35,S├úo Paulo,SP,3,Sudeste,SE,,,278.622
3553807,Taquarituba,350007,Avar├®,3502,Sorocaba,35,S├úo Paulo,SP,3,Sudeste,SE,,,448.515
3537305,Pen├ípolis,350023,Birigui - Pen├ípolis,3506,Ara├ºatuba,35,S├úo Paulo,SP,3,Sudeste,SE,,,711.315
3553658,Taquaral,350032,Barretos,3508,Ribeir├úo Preto,35,S├úo Paulo,SP,3,Sudeste,SE,,,53.892
3504602,Bady Bassitt,350025,S├úo Jos├® do Rio Preto,3507,S├úo Jos├® do Rio Preto,35,S├úo Paulo,SP,3,Sudeste,SE,3549805.0,S├úo Jos├® do Rio Preto/SP,110.372
3529104,Marin├│polis,350028,Jales,3507,S├úo Jos├® do Rio Preto,35,S├úo Paulo,SP,3,Sudeste,SE,,,77.827
3504701,Balbinos,350009,Bauru,3503,Bauru,35,S├úo Paulo,SP,3,Sudeste,SE,,,91.635
3520905,Ipaussu,350015,Ourinhos,3504,Mar├¡lia,35,S├úo Paulo,SP,3,Sudeste,SE,,,209.554
3553609,Tapiratiba,350047,S├úo Jos├® do Rio Pardo - Mococa,3510,Campinas,35,S├úo Paulo,SP,3,Sudeste,SE,,,220.518
3536604,Paulo de Faria,350025,S├úo Jos├® do Rio Preto,3507,S├úo Jos├® do Rio Preto,35,S├úo Paulo,SP,3,Sudeste,SE,,,737.986
3553708,Taquaritinga,350036,Araraquara,3509,Araraquara,35,S├úo Paulo,SP,3,Sudeste,SE,,,594.335
3528403,Mairinque,350003,Sorocaba,3502,Sorocaba,35,S├úo Paulo,SP,3,Sudeste,SE,3550605.0,S├úo Roque - Mairinque/SP,210.149
3536703,Pederneiras,350009,Bauru,3503,Bauru,35,S├úo Paulo,SP,3,Sudeste,SE,,,727.482
3504503,Avar├®,350007,Avar├®,3502,Sorocaba,35,S├úo Paulo,SP,3,Sudeste,SE,,,1213.055
3545506,Sandovalina,350018,Presidente Prudente,3505,Presidente Prudente,35,S├úo Paulo,SP,3,Sudeste,SE,,,455.856
3520202,Igarat├í,350049,S├úo Jos├® dos Campos,3511,S├úo Jos├® dos Campos,35,S├úo Paulo,SP,3,Sudeste,SE,,,293.002
3528502,Mairipor├ú,350001,S├úo Paulo,3501,S├úo Paulo,35,S├úo Paulo,SP,3,Sudeste,SE,3550308.0,S├úo Paulo/SP,320.492
3520301,Iguape,350005,Registro,3502,Sorocaba,35,S├úo Paulo,SP,3,Sudeste,SE,,,1978.329
3553005,Tagua├¡,350007,Avar├®,3502,Sorocaba,35,S├úo Paulo,SP,3,Sudeste,SE,,,145.332
3536505,Paul├¡nia,350038,Campinas,3510,Campinas,35,S├úo Paulo,SP,3,Sudeste,SE,3509502.0,Campinas/SP,138.777
3512100,Col├┤mbia,350032,Barretos,3508,Ribeir├úo Preto,35,S├úo Paulo,SP,3,Sudeste,SE,,,728.648
3544806,Sales,350025,S├úo Jos├® do Rio Preto,3507,S├úo Jos├® do Rio Preto,35,S├úo Paulo,SP,3,Sudeste,SE,,,308.555
3528304,Magda,350022,Ara├ºatuba,3506,Ara├ºatuba,35,S├úo Paulo,SP,3,Sudeste,SE,,,312.282
3520103,Igarapava,350035,Ituverava,3508,Ribeir├úo Preto,35,S├úo Paulo,SP,3,Sudeste,SE,,,468.355
3536570,Paulist├ónia,350009,Bauru,3503,Bauru,35,S├úo Paulo,SP,3,Sudeste,SE,,,256.178
3511904,Clementina,350023,Birigui - Pen├ípolis,3506,Ara├ºatuba,35,S├úo Paulo,SP,3,Sudeste,SE,,,168.59
3544707,Sagres,350019,Adamantina - Luc├®lia,3505,Presidente Prudente,35,S├úo Paulo,SP,3,Sudeste,SE,,,147.923
3512001,Colina,350032,Barretos,3508,Ribeir├úo Preto,35,S├úo Paulo,SP,3,Sudeste,SE,,,422.303
3536901,Pedran├│polis,350029,Fernand├│polis,3507,S├úo Jos├® do Rio Preto,35,S├úo Paulo,SP,3,Sudeste,SE,,,260.101
3528700,Marab├í Paulista,350021,Presidente Epit├ício-Presidente Venceslau,3505,Presidente Prudente,35,S├úo Paulo,SP,3,Sudeste,SE,,,919.519
3520509,Indaiatuba,350038,Campinas,3510,Campinas,35,S├úo Paulo,SP,3,Sudeste,SE,3520509.0,Indaiatuba,311.545
3503901,Aruj├í,350001,S├úo Paulo,3501,S├úo Paulo,35,S├úo Paulo,SP,3,Sudeste,SE,3550308.0,S├úo Paulo/SP,96.369
3512308,Conchas,350011,Botucatu,3503,Bauru,35,S├úo Paulo,SP,3,Sudeste,SE,,,467.327
3552908,Taciba,350018,Presidente Prudente,3505,Presidente Prudente,35,S├úo Paulo,SP,3,Sudeste,SE,3541406.0,Presidente Prudente/SP,606.755
3503703,Ariranha,350026,Catanduva,3507,S├úo Jos├® do Rio Preto,35,S├úo Paulo,SP,3,Sudeste,SE,,,132.624
3503802,Artur Nogueira,350038,Campinas,3510,Campinas,35,S├úo Paulo,SP,3,Sudeste,SE,,,181.786
3553302,Tamba├║,350044,S├úo Jo├úo da Boa Vista,3510,Campinas,35,S├úo Paulo,SP,3,Sudeste,SE,,,561.788
3504107,Atibaia,350041,Bragan├ºa Paulista,3510,Campinas,35,S├úo Paulo,SP,3,Sudeste,SE,3504107.0,Atibaia/SP,478.52
3536802,Pedra Bela,350041,Bragan├ºa Paulista,3510,Campinas,35,S├úo Paulo,SP,3,Sudeste,SE,,,158.588
3545100,Salmour├úo,350019,Adamantina - Luc├®lia,3505,Presidente Prudente,35,S├úo Paulo,SP,3,Sudeste,SE,,,172.934
3520442,Ilha Solteira,350024,Andradina,3506,Ara├ºatuba,35,S├úo Paulo,SP,3,Sudeste,SE,,,652.641
3528601,Manduri,350007,Avar├®,3502,Sorocaba,35,S├úo Paulo,SP,3,Sudeste,SE,,,229.046
3520426,Ilha Comprida,350005,Registro,3502,Sorocaba,35,S├úo Paulo,SP,3,Sudeste,SE,,,196.567
3520400,Ilhabela,350051,Caraguatatuba - Ubatuba - S├úo Sebasti├úo,3511,S├úo Jos├® dos Campos,35,S├úo Paulo,SP,3,Sudeste,SE,3510500.0,Caraguatatuba - Ubatuba - S├úo Sebasti├úo/SP,346.389
3536109,Pardinho,350011,Botucatu,3503,Bauru,35,S├úo Paulo,SP,3,Sudeste,SE,,,208.223
3553104,Taia├ºu,350032,Barretos,3508,Ribeir├úo Preto,35,S├úo Paulo,SP,3,Sudeste,SE,,,107.059
3512209,Conchal,350045,Araras,3510,Campinas,35,S├úo Paulo,SP,3,Sudeste,SE,,,182.793
3544905,Sales Oliveira,350034,S├úo Joaquim da Barra - Orl├óndia,3508,Ribeir├úo Preto,35,S├úo Paulo,SP,3,Sudeste,SE,,,305.776
3553203,Tai├║va,350032,Barretos,3508,Ribeir├úo Preto,35,S├úo Paulo,SP,3,Sudeste,SE,,,132.459
3527900,Lut├®cia,350014,Assis,3504,Mar├¡lia,35,S├úo Paulo,SP,3,Sudeste,SE,,,475.226
3519709,Ibi├║na,350003,Sorocaba,3502,Sorocaba,35,S├úo Paulo,SP,3,Sudeste,SE,,,1058.01
3545001,Sales├│polis,350001,S├úo Paulo,3501,S├úo Paulo,35,S├úo Paulo,SP,3,Sudeste,SE,3550308.0,S├úo Paulo/SP,424.997
3511508,Cerquilho,350003,Sorocaba,3502,Sorocaba,35,S├úo Paulo,SP,3,Sudeste,SE,,,127.803
3519808,Ic├®m,350025,S├úo Jos├® do Rio Preto,3507,S├úo Jos├® do Rio Preto,35,S├úo Paulo,SP,3,Sudeste,SE,,,362.355
3552502,Suzano,350001,S├úo Paulo,3501,S├úo Paulo,35,S├úo Paulo,SP,3,Sudeste,SE,3550308.0,S├úo Paulo/SP,206.236
3511607,Ces├írio Lange,350008,Tatu├¡,3502,Sorocaba,35,S├úo Paulo,SP,3,Sudeste,SE,,,190.392
3536000,Parapu├ú,350016,Tup├ú,3504,Mar├¡lia,35,S├úo Paulo,SP,3,Sudeste,SE,,,366.676
3503950,Asp├ísia,350028,Jales,3507,S├úo Jos├® do Rio Preto,35,S├úo Paulo,SP,3,Sudeste,SE,,,69.373
3544301,Roseira,350052,Guaratinguet├í,3511,S├úo Jos├® dos Campos,35,S├úo Paulo,SP,3,Sudeste,SE,3518404.0,Guaratinguet├í/SP,129.847
3527801,Lup├®rcio,350013,Mar├¡lia,3504,Mar├¡lia,35,S├úo Paulo,SP,3,Sudeste,SE,,,155.171
3519600,Ibitinga,350036,Araraquara,3509,Araraquara,35,S├úo Paulo,SP,3,Sudeste,SE,,,689.391
3552551,Suzan├ípolis,350028,Jales,3507,S├úo Jos├® do Rio Preto,35,S├úo Paulo,SP,3,Sudeste,SE,,,330.587
3504008,Assis,350014,Assis,3504,Mar├¡lia,35,S├úo Paulo,SP,3,Sudeste,SE,,,460.609
3511409,Cerqueira C├®sar,350007,Avar├®,3502,Sorocaba,35,S├úo Paulo,SP,3,Sudeste,SE,,,511.621
3503356,Arco-├ìris,350016,Tup├ú,3504,Mar├¡lia,35,S├úo Paulo,SP,3,Sudeste,SE,,,264.904
3503307,Araras,350045,Araras,3510,Campinas,35,S├úo Paulo,SP,3,Sudeste,SE,3503307.0,Araras,644.805
3520004,Igara├ºu do Tiet├¬,350010,Ja├║,3503,Bauru,35,S├úo Paulo,SP,3,Sudeste,SE,,,97.747
3503406,Arealva,350009,Bauru,3503,Bauru,35,S├úo Paulo,SP,3,Sudeste,SE,,,506.226
3544251,Rosana,350018,Presidente Prudente,3505,Presidente Prudente,35,S├úo Paulo,SP,3,Sudeste,SE,,,742.762
3552403,Sumar├®,350038,Campinas,3510,Campinas,35,S├úo Paulo,SP,3,Sudeste,SE,3509502.0,Campinas/SP,153.465
3503208,Araraquara,350036,Araraquara,3509,Araraquara,35,S├úo Paulo,SP,3,Sudeste,SE,3503208.0,Araraquara/SP,1003.626
3536406,Paulic├®ia,350020,Dracena,3505,Presidente Prudente,35,S├úo Paulo,SP,3,Sudeste,SE,,,374.091
3544202,Riol├óndia,350027,Votuporanga,3507,S├úo Jos├® do Rio Preto,35,S├úo Paulo,SP,3,Sudeste,SE,,,631.897
3536257,Parisi,350027,Votuporanga,3507,S├úo Jos├® do Rio Preto,35,S├úo Paulo,SP,3,Sudeste,SE,,,84.737
3528205,Maced├┤nia,350029,Fernand├│polis,3507,S├úo Jos├® do Rio Preto,35,S├úo Paulo,SP,3,Sudeste,SE,,,327.567
3536208,Pariquera-A├ºu,350005,Registro,3502,Sorocaba,35,S├úo Paulo,SP,3,Sudeste,SE,,,359.414
3552809,Tabo├úo da Serra,350001,S├úo Paulo,3501,S├úo Paulo,35,S├úo Paulo,SP,3,Sudeste,SE,3550308.0,S├úo Paulo/SP,20.371
3528007,Macatuba,350009,Bauru,3503,Bauru,35,S├úo Paulo,SP,3,Sudeste,SE,,,224.514
3536307,Patroc├¡nio Paulista,350033,Franca,3508,Ribeir├úo Preto,35,S├úo Paulo,SP,3,Sudeste,SE,3516200.0,Franca/SP,602.848
3544608,Sabino,350012,Lins,3503,Bauru,35,S├úo Paulo,SP,3,Sudeste,SE,,,305.285
3503604,Arei├│polis,350011,Botucatu,3503,Bauru,35,S├úo Paulo,SP,3,Sudeste,SE,,,85.907
3528106,Macaubal,350025,S├úo Jos├® do Rio Preto,3507,S├úo Jos├® do Rio Preto,35,S├úo Paulo,SP,3,Sudeste,SE,,,248.087
3519907,Iep├¬,350018,Presidente Prudente,3505,Presidente Prudente,35,S├úo Paulo,SP,3,Sudeste,SE,,,594.985
3535606,Paraibuna,350049,S├úo Jos├® dos Campos,3511,S├úo Jos├® dos Campos,35,S├úo Paulo,SP,3,Sudeste,SE,,,809.576
3552601,Tabapu├ú,350026,Catanduva,3507,S├úo Jos├® do Rio Preto,35,S├úo Paulo,SP,3,Sudeste,SE,,,346.692
3511706,Charqueada,350040,Piracicaba,3510,Campinas,35,S├úo Paulo,SP,3,Sudeste,SE,3538709.0,Piracicaba/SP,175.846
3527405,Luc├®lia,350019,Adamantina - Luc├®lia,3505,Presidente Prudente,35,S├úo Paulo,SP,3,Sudeste,SE,,,314.81
3544400,Rubi├ícea,350022,Ara├ºatuba,3506,Ara├ºatuba,35,S├úo Paulo,SP,3,Sudeste,SE,,,236.484
3552700,Tabatinga,350036,Araraquara,3509,Araraquara,35,S├úo Paulo,SP,3,Sudeste,SE,,,368.604
3544509,Rubin├®ia,350030,Santa F├® do Sul,3507,S├úo Jos├® do Rio Preto,35,S├úo Paulo,SP,3,Sudeste,SE,,,242.877
3519204,Iacri,350016,Tup├ú,3504,Mar├¡lia,35,S├úo Paulo,SP,3,Sudeste,SE,,,321.948
3511003,Castilho,350024,Andradina,3506,Ara├ºatuba,35,S├úo Paulo,SP,3,Sudeste,SE,,,1065.318
3543808,Rin├│polis,350016,Tup├ú,3504,Mar├¡lia,35,S├úo Paulo,SP,3,Sudeste,SE,,,358.481
3511102,Catanduva,350026,Catanduva,3507,S├úo Jos├® do Rio Preto,35,S├úo Paulo,SP,3,Sudeste,SE,3511102.0,Catanduva/SP,291.926
3519253,Iaras,350007,Avar├®,3502,Sorocaba,35,S├úo Paulo,SP,3,Sudeste,SE,,,401.381
3519105,Iacanga,350009,Bauru,3503,Bauru,35,S├úo Paulo,SP,3,Sudeste,SE,,,547.393
3527256,Lourdes,350023,Birigui - Pen├ípolis,3506,Ara├ºatuba,35,S├úo Paulo,SP,3,Sudeste,SE,,,113.808
3503505,Areias,350053,Cruzeiro,3511,S├úo Jos├® dos Campos,35,S├úo Paulo,SP,3,Sudeste,SE,,,303.98
3510906,C├íssia dos Coqueiros,350031,Ribeir├úo Preto,3508,Ribeir├úo Preto,35,S├úo Paulo,SP,3,Sudeste,SE,,,191.683
3519071,Hortol├óndia,350038,Campinas,3510,Campinas,35,S├úo Paulo,SP,3,Sudeste,SE,3509502.0,Campinas/SP,62.416
3519055,Holambra,350038,Campinas,3510,Campinas,35,S├úo Paulo,SP,3,Sudeste,SE,,,65.337
3552007,Silveiras,350053,Cruzeiro,3511,S├úo Jos├® dos Campos,35,S├úo Paulo,SP,3,Sudeste,SE,,,415.038
3535507,Paragua├ºu Paulista,350014,Assis,3504,Mar├¡lia,35,S├úo Paulo,SP,3,Sudeste,SE,,,1001.492
3502804,Ara├ºatuba,350022,Ara├ºatuba,3506,Ara├ºatuba,35,S├úo Paulo,SP,3,Sudeste,SE,3502804.0,Ara├ºatuba,1167.126
3527306,Louveira,350039,Jundia├¡,3510,Campinas,35,S├úo Paulo,SP,3,Sudeste,SE,3525904.0,Jundia├¡/SP,55.989
3502903,Ara├ºoiaba da Serra,350003,Sorocaba,3502,Sorocaba,35,S├úo Paulo,SP,3,Sudeste,SE,3552205.0,Sorocaba/SP,255.305
3511300,Cedral,350025,S├úo Jos├® do Rio Preto,3507,S├úo Jos├® do Rio Preto,35,S├úo Paulo,SP,3,Sudeste,SE,3549805.0,S├úo Jos├® do Rio Preto/SP,197.099
3551900,Sever├¡nia,350032,Barretos,3508,Ribeir├úo Preto,35,S├úo Paulo,SP,3,Sudeste,SE,,,140.46
3543709,Rinc├úo,350036,Araraquara,3509,Araraquara,35,S├úo Paulo,SP,3,Sudeste,SE,3503208.0,Araraquara/SP,316.639
3502705,Apia├¡,350004,Itapeva,3502,Sorocaba,35,S├úo Paulo,SP,3,Sudeste,SE,,,974.322
3535903,Paranapu├ú,350028,Jales,3507,S├úo Jos├® do Rio Preto,35,S├úo Paulo,SP,3,Sudeste,SE,,,140.354
3527702,Luizi├ónia,350023,Birigui - Pen├ípolis,3506,Ara├ºatuba,35,S├úo Paulo,SP,3,Sudeste,SE,,,166.576
3519501,Ibirarema,350015,Ourinhos,3504,Mar├¡lia,35,S├úo Paulo,SP,3,Sudeste,SE,,,228.23
3552205,Sorocaba,350003,Sorocaba,3502,Sorocaba,35,S├úo Paulo,SP,3,Sudeste,SE,3552205.0,Sorocaba/SP,449.872
3535705,Para├¡so,350026,Catanduva,3507,S├úo Jos├® do Rio Preto,35,S├úo Paulo,SP,3,Sudeste,SE,,,155.186
3502754,Ara├ºariguama,350003,Sorocaba,3502,Sorocaba,35,S├úo Paulo,SP,3,Sudeste,SE,,,145.247
3552304,Sud Mennucci,350024,Andradina,3506,Ara├ºatuba,35,S├úo Paulo,SP,3,Sudeste,SE,,,594.543
3527504,Lucian├│polis,350009,Bauru,3503,Bauru,35,S├úo Paulo,SP,3,Sudeste,SE,,,189.536
3535804,Paranapanema,350007,Avar├®,3502,Sorocaba,35,S├úo Paulo,SP,3,Sudeste,SE,,,1018.724
3503109,Arandu,350007,Avar├®,3502,Sorocaba,35,S├úo Paulo,SP,3,Sudeste,SE,,,285.908
3544103,Rio Grande da Serra,350001,S├úo Paulo,3501,S├úo Paulo,35,S├úo Paulo,SP,3,Sudeste,SE,3550308.0,S├úo Paulo/SP,36.341
3519303,Ibat├®,350037,S├úo Carlos,3509,Araraquara,35,S├úo Paulo,SP,3,Sudeste,SE,3548906.0,S├úo Carlos/SP,290.977
3527603,Lu├¡s Ant├┤nio,350031,Ribeir├úo Preto,3508,Ribeir├úo Preto,35,S├úo Paulo,SP,3,Sudeste,SE,,,598.257
3519402,Ibir├í,350025,S├úo Jos├® do Rio Preto,3507,S├úo Jos├® do Rio Preto,35,S├úo Paulo,SP,3,Sudeste,SE,,,268.9
3552106,Socorro,350041,Bragan├ºa Paulista,3510,Campinas,35,S├úo Paulo,SP,3,Sudeste,SE,,,448.894
3535101,Palmares Paulista,350026,Catanduva,3507,S├úo Jos├® do Rio Preto,35,S├úo Paulo,SP,3,Sudeste,SE,,,82.125
3543907,Rio Claro,350046,Rio Claro,3510,Campinas,35,S├úo Paulo,SP,3,Sudeste,SE,3543907.0,Rio Claro/SP,498.403
3511201,Catigu├í,350026,Catanduva,3507,S├úo Jos├® do Rio Preto,35,S├úo Paulo,SP,3,Sudeste,SE,3511102.0,Catanduva/SP,146.568
3503158,Arape├¡,350053,Cruzeiro,3511,S├úo Jos├® dos Campos,35,S├úo Paulo,SP,3,Sudeste,SE,,,156.479
3526902,Limeira,350042,Limeira,3510,Campinas,35,S├úo Paulo,SP,3,Sudeste,SE,3526902.0,Limeira/SP,580.577
3544004,Rio das Pedras,350040,Piracicaba,3510,Campinas,35,S├úo Paulo,SP,3,Sudeste,SE,3538709.0,Piracicaba/SP,226.729
3518701,Guaruj├í,350002,Santos,3501,S├úo Paulo,35,S├úo Paulo,SP,3,Sudeste,SE,3548500.0,Baixada Santista/SP,144.794
3510500,Caraguatatuba,350051,Caraguatatuba - Ubatuba - S├úo Sebasti├úo,3511,S├úo Jos├® dos Campos,35,S├úo Paulo,SP,3,Sudeste,SE,3510500.0,Caraguatatuba - Ubatuba - S├úo Sebasti├úo/SP,484.947
3543253,Ribeir├úo Grande,350004,Itapeva,3502,Sorocaba,35,S├úo Paulo,SP,3,Sudeste,SE,,,333.363
3503000,Aramina,350035,Ituverava,3508,Ribeir├úo Preto,35,S├úo Paulo,SP,3,Sudeste,SE,,,202.829
3510401,Capivari,350040,Piracicaba,3510,Campinas,35,S├úo Paulo,SP,3,Sudeste,SE,,,322.878
3551504,Serrana,350031,Ribeir├úo Preto,3508,Ribeir├úo Preto,35,S├úo Paulo,SP,3,Sudeste,SE,3543402.0,Ribeir├úo Preto/SP,126.046
3502309,Anhembi,350011,Botucatu,3503,Bauru,35,S├úo Paulo,SP,3,Sudeste,SE,,,736.09
3535002,Palestina,350025,S├úo Jos├® do Rio Preto,3507,S├úo Jos├® do Rio Preto,35,S├úo Paulo,SP,3,Sudeste,SE,,,697.701
3543303,Ribeir├úo Pires,350001,S├úo Paulo,3501,S├úo Paulo,35,S├úo Paulo,SP,3,Sudeste,SE,3550308.0,S├úo Paulo/SP,98.972
3526803,Len├º├│is Paulista,350009,Bauru,3503,Bauru,35,S├úo Paulo,SP,3,Sudeste,SE,,,809.541
3518602,Guariba,350031,Ribeir├úo Preto,3508,Ribeir├úo Preto,35,S├úo Paulo,SP,3,Sudeste,SE,,,270.408
3551306,Sebastian├│polis do Sul,350027,Votuporanga,3507,S├úo Jos├® do Rio Preto,35,S├úo Paulo,SP,3,Sudeste,SE,,,167.848
3535309,Palmital,350014,Assis,3504,Mar├¡lia,35,S├úo Paulo,SP,3,Sudeste,SE,,,548.407
3543238,Ribeir├úo dos ├ìndios,350018,Presidente Prudente,3505,Presidente Prudente,35,S├úo Paulo,SP,3,Sudeste,SE,,,196.467
3551405,Serra Azul,350031,Ribeir├úo Preto,3508,Ribeir├úo Preto,35,S├úo Paulo,SP,3,Sudeste,SE,3543402.0,Ribeir├úo Preto/SP,283.144
3535408,Panorama,350020,Dracena,3505,Presidente Prudente,35,S├úo Paulo,SP,3,Sudeste,SE,,,356.05
3543204,Ribeir├úo do Sul,350015,Ourinhos,3504,Mar├¡lia,35,S├úo Paulo,SP,3,Sudeste,SE,,,203.208
3502200,Angatuba,350006,Itapetininga,3502,Sorocaba,35,S├úo Paulo,SP,3,Sudeste,SE,,,1028.104
3527207,Lorena,350052,Guaratinguet├í,3511,S├úo Jos├® dos Campos,35,S├úo Paulo,SP,3,Sudeste,SE,,,414.16
3519006,Hercul├óndia,350016,Tup├ú,3504,Mar├¡lia,35,S├úo Paulo,SP,3,Sudeste,SE,,,364.252
3551702,Sert├úozinho,350031,Ribeir├úo Preto,3508,Ribeir├úo Preto,35,S├úo Paulo,SP,3,Sudeste,SE,3551702.0,Sert├úozinho,403.089
3510807,Casa Branca,350044,S├úo Jo├úo da Boa Vista,3510,Campinas,35,S├úo Paulo,SP,3,Sudeste,SE,,,864.225
3535200,Palmeira d'Oeste,350028,Jales,3507,S├úo Jos├® do Rio Preto,35,S├úo Paulo,SP,3,Sudeste,SE,,,318.696
3543501,Riversul,350004,Itapeva,3502,Sorocaba,35,S├úo Paulo,SP,3,Sudeste,SE,,,385.878
3551801,Sete Barras,350005,Registro,3502,Sorocaba,35,S├úo Paulo,SP,3,Sudeste,SE,,,1062.699
3527009,Lind├│ia,350048,Amparo,3510,Campinas,35,S├úo Paulo,SP,3,Sudeste,SE,,,48.321
3543600,Rifaina,350033,Franca,3508,Ribeir├úo Preto,35,S├úo Paulo,SP,3,Sudeste,SE,,,162.508
3527108,Lins,350012,Lins,3503,Bauru,35,S├úo Paulo,SP,3,Sudeste,SE,,,570.058
3518800,Guarulhos,350001,S├úo Paulo,3501,S├úo Paulo,35,S├úo Paulo,SP,3,Sudeste,SE,3550308.0,S├úo Paulo/SP,318.838
3510609,Carapicu├¡ba,350001,S├úo Paulo,3501,S├úo Paulo,35,S├úo Paulo,SP,3,Sudeste,SE,3550308.0,S├úo Paulo/SP,34.234
3518909,Guzol├óndia,350022,Ara├ºatuba,3506,Ara├ºatuba,35,S├úo Paulo,SP,3,Sudeste,SE,,,252.722
3551603,Serra Negra,350048,Amparo,3510,Campinas,35,S├úo Paulo,SP,3,Sudeste,SE,,,204.542
3510708,Cardoso,350027,Votuporanga,3507,S├úo Jos├® do Rio Preto,35,S├úo Paulo,SP,3,Sudeste,SE,,,639.248
