marca,modelo,uberx_ano_min,comfort_ano_min,black_ano_min,electric_ano_min
AcuraDown,CL,2011,,,
AcuraDown,Integra,2011,,,
AcuraDown,MDX,2011,,,
AcuraDown,NSX,2011,,,
AcuraDown,TL,2011,,,
AcuraDown,ZDX,2011,,,
AionDown,ES,2011,2019.0,2019.0,2017.0
AionDown,V,2011,2019.0,2019.0,2017.0
AionDown,Y,2011,2019.0,2019.0,2017.0
AiwaysDown,U5,2011,,,2017.0
Alfa RomeoDown,147,2011,,,
Alfa RomeoDown,156,2011,2019.0,,
Alfa RomeoDown,159,2011,2019.0,2019.0,
Alfa RomeoDown,166,2011,2019.0,2019.0,
Alfa RomeoDown,939,2011,2019.0,2019.0,
Alfa RomeoDown,Giulietta,2011,2019.0,2019.0,
Alfa RomeoDown,GTV,2011,2019.0,2019.0,
Alfa RomeoDown,4C,2011,,,
Alfa RomeoDown,4C Spider,2011,,,
Alfa RomeoDown,GT,2011,,,
Alfa RomeoDown,Mito,2011,,,
Aston MartinDown,DBS,2011,2019.0,2019.0,
Aston MartinDown,One-77,2011,,,
AudiDown,80,2011,2019.0,,
AudiDown,100,2011,2019.0,2019.0,
AudiDown,A1,2011,2019.0,,
AudiDown,A3,2011,2019.0,2019.0,
AudiDown,A3 Limousine,2011,2019.0,2019.0,
AudiDown,A3 Sportback,2011,2019.0,2019.0,
AudiDown,A4,2011,2019.0,2019.0,
AudiDown,A4 Avant,2011,2019.0,2019.0,
AudiDown,A5,2011,2019.0,2019.0,
AudiDown,A5 Avant,2011,2019.0,2019.0,
AudiDown,A6,2011,2019.0,2019.0,
AudiDown,A6 Avant,2011,2019.0,2019.0,
AudiDown,A7,2011,2019.0,2019.0,
AudiDown,A8,2011,2019.0,2019.0,
AudiDown,e-tron,2011,2019.0,2019.0,2017.0
AudiDown,Audi e-tron Sportback,2011,2019.0,2019.0,2017.0
AudiDown,Q3,2011,2019.0,2019.0,
AudiDown,Q5,2011,2019.0,2019.0,
AudiDown,Q6,2011,2019.0,2019.0,
AudiDown,Q7,2011,2019.0,2019.0,
AudiDown,Q8,2011,2019.0,2019.0,
AudiDown,RS 3,2011,2019.0,2019.0,
AudiDown,RS 4,2011,2019.0,2019.0,
AudiDown,RS 6,2011,2019.0,2019.0,
AudiDown,S3,2011,2019.0,2019.0,
AudiDown,S4 Avant,2011,2019.0,2019.0,
AudiDown,S5 Sportback,2011,2019.0,2019.0,
AudiDown,S6,2011,2019.0,2019.0,
AudiDown,S7,2011,2019.0,2019.0,
AudiDown,SQ5,2011,2019.0,2019.0,
AudiDown,TTS,2011,2019.0,2019.0,
AudiDown,E-Tron GT,2011,,,2017.0
AudiDown,Q4 e-tron,2011,,,2017.0
AudiDown,Q4 Sportback e-tron,2011,,,2017.0
AudiDown,A2,2011,,,
AudiDown,A3 Cabriolet,2011,,,
AudiDown,A4 Cabriolet,2011,,,
AudiDown,A5 Cabriolet,2011,,,
AudiDown,S5 Cabriolet,2011,,,
AudiDown,S8,2011,,,
BAICDown,E150,2011,,,2017.0
BAICDown,EU260,2011,,,2017.0
BAICDown,EX360,2011,,,2017.0
BMWDown,1-series,2011,2019.0,2019.0,
BMWDown,2-Series 225xe,2011,2019.0,2019.0,
BMWDown,Série 2 Active Tourer,2011,2019.0,2019.0,
BMWDown,2-series Gran Tourer,2011,2019.0,2019.0,
BMWDown,3-series,2011,2019.0,2019.0,
BMWDown,3-Series 330e,2011,2019.0,2019.0,
BMWDown,Série 3 Gran Turismo,2011,2019.0,2019.0,
BMWDown,316i,2011,2019.0,2019.0,
BMWDown,320i,2011,2019.0,2019.0,
BMWDown,4-series,2011,2019.0,2019.0,
BMWDown,4-series Gran Coupe,2011,2019.0,2019.0,
BMWDown,5-series,2011,2019.0,2019.0,
BMWDown,5-Series 530e,2011,2019.0,2019.0,
BMWDown,Série 5 Gran Turismo,2011,2019.0,2019.0,
BMWDown,6-series,2011,2019.0,2019.0,
BMWDown,6-series Gran Coupe,2011,2019.0,2019.0,
BMWDown,7-series,2011,2019.0,2019.0,
BMWDown,7-Series 745e,2011,2019.0,2019.0,
BMWDown,ActiveHybrid 5,2011,2019.0,2019.0,
BMWDown,M3,2011,2019.0,2019.0,
BMWDown,M5,2011,2019.0,2019.0,
BMWDown,X1,2011,2019.0,2019.0,
BMWDown,X2,2011,2019.0,2019.0,
BMWDown,X3,2011,2019.0,2019.0,
BMWDown,X4,2011,2019.0,2019.0,
BMWDown,X5,2011,2019.0,2019.0,
BMWDown,X6,2011,2019.0,2019.0,
BMWDown,X7,2011,2019.0,2019.0,
BMWDown,i3,2011,,,2017.0
BMWDown,i4,2011,,,2017.0
BMWDown,i7,2011,,,2017.0
BMWDown,iX,2011,,,2017.0
BMWDown,iX1,2011,,,2017.0
BMWDown,iX3,2011,,,2017.0
BMWDown,2-series,2011,,,
BMWDown,i8,2011,,,
BMWDown,M6,2011,,,
BMWDown,M6 Gran Coupe,2011,,,
BYDDown,Atto 2,2011,2019.0,2019.0,
BYDDown,D1,2011,2019.0,2019.0,2017.0
BYDDown,Dolphin,2011,2019.0,2024.0,2017.0
BYDDown,E5,2011,2019.0,2019.0,2017.0
BYDDown,e6,2011,2019.0,2019.0,2017.0
BYDDown,Han EV,2011,2019.0,2019.0,2017.0
BYDDown,KING DM-i,2011,2019.0,2019.0,
BYDDown,Seal,2011,2019.0,2019.0,2017.0
BYDDown,Song Plus,2011,2019.0,2019.0,2017.0
BYDDown,Song Plus Champion,2011,2019.0,2019.0,
BYDDown,Song Pro,2011,2019.0,2019.0,
BYDDown,TAN,2011,2019.0,2019.0,2017.0
BYDDown,Tang,2011,2019.0,2019.0,2017.0
BYDDown,Yuan Plus,2011,2019.0,2019.0,2017.0
BYDDown,Yuan Pro,2011,2019.0,2019.0,2017.0
BYDDown,Dolphin Mini,2011,,,2017.0
BYDDown,E2,2011,,,2017.0
BYDDown,E3,2011,,,2017.0
BYDDown,Qin,2011,,,2017.0
BYDDown,BYD S1,2011,,,2017.0
BYDDown,Song,2011,,,2017.0
BYDDown,Shark,2011,,,
BestuneDown,NAT,2011,,,2017.0
BuickDown,Century,2011,,,
BuickDown,Enclave,2011,,,
BuickDown,GL8,2011,,,
BuickDown,LaCrosse,2011,,,
BuickDown,LeSabre,2011,,,
BuickDown,Lucerne,2011,,,
BuickDown,Park Avenue,2011,,,
BuickDown,Rainier,2011,,,
BuickDown,Regal,2011,,,
BuickDown,Rendezvous,2011,,,
BuickDown,Royaum,2011,,,
BuickDown,Terraza,2011,,,
CadillacDown,DeVille,2011,2019.0,2019.0,
CadillacDown,Eldorado,2011,2019.0,2019.0,
CadillacDown,Escalade,2011,2019.0,2019.0,
CadillacDown,Sevilha,2011,2019.0,2019.0,
CadillacDown,LYRIQ,2011,,,2017.0
Chang'anDown,CS35,2011,,,
Chang'an SuzukiDown,S-Cross,2011,2019.0,2019.0,
ChangheDown,Coolcar,2011,,,
ChangheDown,M100 CH7101,2011,,,
CheryDown,A5,2011,2019.0,2019.0,
CheryDown,A6,2011,2019.0,2019.0,
CheryDown,Arrizo 3,2011,2019.0,2019.0,
CheryDown,Arrizo 5,2011,2019.0,2019.0,
CheryDown,Arrizo 5e,2011,2019.0,2019.0,2017.0
CheryDown,Arrizo 6,2011,2019.0,2019.0,
CheryDown,Arrizo 7,2011,2019.0,2019.0,
CheryDown,Arrizo M7,2011,2019.0,2019.0,
CheryDown,Grand Tiggo,2011,2019.0,2019.0,
CheryDown,Tiggo,2011,2019.0,2019.0,
CheryDown,Tiggo 2,2011,2019.0,,
CheryDown,Tiggo 3,2011,2019.0,,
CheryDown,Tiggo 3X,2011,2019.0,,
CheryDown,Tiggo 4,2011,2019.0,2019.0,
CheryDown,Tiggo 5,2011,2019.0,2019.0,
CheryDown,Tiggo 5X,2011,2019.0,2019.0,
CheryDown,Tiggo 5X Pro Hybrid,2011,2019.0,,
CheryDown,Tiggo 7,2011,2019.0,2019.0,
CheryDown,Tiggo 7 Pro,2011,2019.0,2019.0,
CheryDown,Tiggo 8,2011,2019.0,2019.0,
CheryDown,Tiggo 8 Pro,2011,2019.0,2019.0,
CheryDown,eQ5,2011,,,2017.0
CheryDown,A1,2011,,,
CheryDown,A13,2011,,,
CheryDown,A3,2011,,,
CheryDown,Beat,2011,,,
CheryDown,Celer,2011,,,
CheryDown,Cielo,2011,,,
CheryDown,Cowin,2011,,,
CheryDown,Face,2011,,,
CheryDown,J11,2011,,,
CheryDown,J3,2011,,,
CheryDown,New QQ,2011,,,
CheryDown,QQ,2011,,,
CheryDown,QQ3,2011,,,
CheryDown,QQ6,2011,,,
CheryDown,S18,2011,,,
ChevroletDown,Cobalt,2011,2019.0,,
ChevroletDown,Prisma,2011,2019.0,,
ChevroletDown,Bolt,2011,2019.0,2019.0,2017.0
ChevroletDown,Bolt EUV,2011,2019.0,2019.0,2017.0
ChevroletDown,Bolt EV,2011,2019.0,2019.0,2017.0
ChevroletDown,Captiva,2011,2019.0,2019.0,
ChevroletDown,Cruze,2011,2019.0,2019.0,
ChevroletDown,Equinox,2011,2019.0,2019.0,
ChevroletDown,Grand Vitara,2011,2019.0,2019.0,
ChevroletDown,Joy Plus,2011,2019.0,,
ChevroletDown,Malibu,2011,2019.0,2019.0,
ChevroletDown,Onix Plus,2011,2019.0,,
ChevroletDown,Sonic,2011,2019.0,,
ChevroletDown,SPARK EUV,2011,2019.0,2019.0,2017.0
ChevroletDown,Spin,2011,2019.0,,
ChevroletDown,Tracker,2011,2019.0,2019.0,
ChevroletDown,Trailblazer,2011,2019.0,2019.0,
ChevroletDown,Menlo,2011,,,2017.0
ChevroletDown,Volt,2011,,,2017.0
ChevroletDown,Agile,2011,,,
ChevroletDown,Astra,2011,,,
ChevroletDown,Astro,2011,,,
ChevroletDown,Avalanche,2011,,,
ChevroletDown,Aveo,2011,,,
ChevroletDown,Aveo5,2011,,,
ChevroletDown,Beat,2011,,,
ChevroletDown,Blazer,2011,,,
ChevroletDown,Camaro,2011,,,
ChevroletDown,Caprice,2011,,,
ChevroletDown,Cavalier,2011,,,
ChevroletDown,Celta,2011,,,
ChevroletDown,Chevy,2011,,,
ChevroletDown,Classic,2011,,,
ChevroletDown,Colorado,2011,,,
ChevroletDown,Corsa,2011,,,
ChevroletDown,Corsa Sedan,2011,,,
ChevroletDown,Corsa Wagon,2011,,,
ChevroletDown,Cruze Sport6,2011,,,
ChevroletDown,Dmax,2011,,,
ChevroletDown,Enjoy,2011,,,
ChevroletDown,Epica,2011,,,
ChevroletDown,Esteem,2011,,,
ChevroletDown,HHR,2011,,,
ChevroletDown,Impala,2011,,,
ChevroletDown,Joy,2011,,,
ChevroletDown,Lacetti,2011,,,
ChevroletDown,Lanos,2011,,,
ChevroletDown,Lova,2011,,,
ChevroletDown,LTZ,2011,,,
ChevroletDown,Lumina,2011,,,
ChevroletDown,Matiz,2011,,,
ChevroletDown,Meriva,2011,,,
ChevroletDown,Metro,2011,,,
ChevroletDown,Montana,2023,,,
ChevroletDown,Monte Carlo,2011,,,
ChevroletDown,Monza,2011,,,
ChevroletDown,MW,2011,,,
ChevroletDown,Niva,2011,,,
ChevroletDown,Nubira,2011,,,
ChevroletDown,Omega,2011,,,
ChevroletDown,Onix,2011,,,
ChevroletDown,Optra,2011,,,
ChevroletDown,Orlando,2011,,,
ChevroletDown,Prizm,2011,,,
ChevroletDown,Rezzo,2011,,,
ChevroletDown,S-10,2011,,,
ChevroletDown,Silverado,2011,,,
ChevroletDown,Sonic Sedan,2011,,,
ChevroletDown,Spark,2011,,,
ChevroletDown,Sprint,2011,,,
ChevroletDown,ss,2011,,,
ChevroletDown,Suburban,2011,,,
ChevroletDown,Trans Sport,2011,,,
ChevroletDown,Traverse,2011,,,
ChevroletDown,Trax,2011,,,
ChevroletDown,Uplander,2011,,,
ChevroletDown,Vectra,2011,,,
ChevroletDown,Venture,2011,,,
ChevroletDown,Viva,2011,,,
ChevroletDown,Zafira,2011,,,
ChireyDown,Tiggo 8 Pro,2011,2019.0,2019.0,
ChryslerDown,200,2011,,,
ChryslerDown,300,2011,2019.0,2019.0,
ChryslerDown,Pacifica,2011,2019.0,,
ChryslerDown,Town and Country,2011,2019.0,2019.0,
ChryslerDown,Cirrus,2011,,,
ChryslerDown,Neon,2011,,,
ChryslerDown,PT Cruiser,2011,,,
ChryslerDown,Sebring,2011,,,
CitroenDown,Jumpy,2011,,,
CitroenDown,Aircross,2011,2019.0,,
CitroenDown,Basalt,2011,2019.0,,
CitroenDown,C3 Aircross,2011,2019.0,,
CitroenDown,C4 Aircross,2011,2019.0,,
CitroenDown,C4 Cactus,2011,2019.0,2019.0,
CitroenDown,C4 Lounge,2011,2019.0,2019.0,
CitroenDown,C4 Picasso,2011,2019.0,2019.0,
CitroenDown,C4L,2011,2019.0,2019.0,
CitroenDown,DS4,2011,2019.0,,
CitroenDown,DS5,2011,2019.0,2019.0,
CitroenDown,Grand Picasso,2011,2019.0,2019.0,
CitroenDown,C-Zero,2011,,,2017.0
CitroenDown,e-Berlingo,2011,,,2017.0
CitroenDown,E-C4,2011,,,2017.0
CitroenDown,E-Mehari,2011,,,2017.0
CitroenDown,Ë-SpaceTourer,2011,,,2017.0
CitroenDown,Berlingo,2011,,,
CitroenDown,BX,2011,,,
CitroenDown,C-Crosser,2011,,,
CitroenDown,C-Elysee,2011,,,
CitroenDown,C-Quatre,2011,,,
CitroenDown,C1,2011,,,
CitroenDown,C2,2011,,,
CitroenDown,C3,2011,,,
CitroenDown,C3 Feel,2011,,,
CitroenDown,C3 Picasso,2011,,,
CitroenDown,C3-XR,2011,,,
CitroenDown,C4,2011,,,
CitroenDown,C4 Grand Picasso,2011,,,
CitroenDown,C4 Pallas,2011,,,
CitroenDown,C5,2011,,,
CitroenDown,C6,2011,,,
CitroenDown,C8,2011,,,
CitroenDown,DS3,2011,,,
CitroenDown,Elysee,2011,,,
CitroenDown,Evasion,2011,,,
CitroenDown,Saxo,2011,,,
CitroenDown,Xantia,2011,,,
CitroenDown,Xsara,2011,,,
CitroenDown,Xsara Picasso,2011,,,
CupraDown,Born,2011,,,2017.0
DaciaDown,Spring,2011,,,2017.0
DaciaDown,Logan,2011,,,
DaciaDown,Sandero,2011,,,
DaewooDown,Chairman,2011,,,
DaewooDown,Espero,2011,,,
DaewooDown,Gentra,2011,,,
DaewooDown,Kalos,2011,,,
DaewooDown,Lacetti,2011,,,
DaewooDown,Lanos,2011,,,
DaewooDown,Leganza,2011,,,
DaewooDown,Matiz,2011,,,
DaewooDown,Nexia,2011,,,
DaewooDown,Nubira,2011,,,
DaewooDown,Racer,2011,,,
DaewooDown,Rezzo,2011,,,
DaewooDown,Tosca,2011,,,
DaewooDown,Winstorm,2011,,,
DaihatsuDown,Applause,2011,,,
DaihatsuDown,Charade,2011,,,
DaihatsuDown,Cuore,2011,,,
DaihatsuDown,Terios,2011,,,
DodgeDown,Caravan,2011,2019.0,2019.0,
DodgeDown,Grand Caravan,2011,2019.0,2019.0,
DodgeDown,Journey,2011,2019.0,2019.0,
DodgeDown,Attitude,2011,,,
DodgeDown,Avenger,2011,,,
DodgeDown,Caliber,2011,,,
DodgeDown,Challenger,2011,,,
DodgeDown,Charger,2011,,,
DodgeDown,Dart,2011,,,
DodgeDown,Durango,2011,,,
DodgeDown,Magnum,2011,,,
DodgeDown,Nitro,2011,,,
DodgeDown,Stratus,2011,,,
DongfengDown,Seres 3,2011,2019.0,2019.0,
DongfengDown,E30,2011,,,2017.0
DongfengDown,EX1,2011,,,2017.0
DongfengDown,Nano Box,2011,,,2017.0
E-MotorsDown,EMOVA Easy,2011,,,2017.0
E-MotorsDown,EMOVA Urban,2011,,,2017.0
EffaDown,M100,2011,,,
FAWDown,Cale,2011,,,
FAWDown,Senya M80,2011,,,
FerrariDown,California,2011,,,
FerrariDown,FF,2011,,,
FiatDown,500,2011,,,
FiatDown,Doblo,2011,,,
FiatDown,Ducato,2011,,,
FiatDown,Argo,2011,2023.0,,
FiatDown,Cronos,2011,2019.0,,
FiatDown,Fastback,2011,2019.0,2019.0,
FiatDown,Freemont,2011,2019.0,2019.0,
FiatDown,Idea Adventure,2011,2019.0,,
FiatDown,Idea Attractive,2011,2019.0,,
FiatDown,Pulse,2011,2019.0,,
FiatDown,500E,2011,,,2017.0
FiatDown,E-Ulysse,2011,,,2017.0
FiatDown,500C,2011,,,
FiatDown,500L,2011,,,
FiatDown,500X,2011,,,
FiatDown,Albea,2011,,,
FiatDown,Avventura,2011,,,
FiatDown,Bravo,2011,,,
FiatDown,Croma,2011,,,
FiatDown,Egea,2011,,,
FiatDown,Grand Siena,2011,,,
FiatDown,Grande Punto,2011,,,
FiatDown,Idea,2011,,,
FiatDown,Linea,2011,,,
FiatDown,Marea,2011,,,
FiatDown,Mobi,2011,,,
FiatDown,Multipla,2011,,,
FiatDown,Novo Uno,2011,,,
FiatDown,Ottimo,2011,,,
FiatDown,Palio,2011,,,
FiatDown,Palio (326) Attractive,2011,,,
FiatDown,Palio Weekend,2011,,,
FiatDown,Panda,2011,,,
FiatDown,Panorama,2011,,,
FiatDown,Perla,2011,,,
FiatDown,Punto,2011,,,
FiatDown,Qubo,2011,,,
FiatDown,Ritmo,2011,,,
FiatDown,Sedici,2011,,,
FiatDown,Siena,2011,,,
FiatDown,Siena Attractive,2011,,,
FiatDown,Stilo,2011,,,
FiatDown,Strada Cabine Dupla,2011,,,
FiatDown,Tempra,2011,,,
FiatDown,Tipo,2011,,,
FiatDown,Titano,2011,,,
FiatDown,Fiat Toro,2011,,,
FiatDown,Ulysse,2011,,,
FiatDown,Uno,2011,,,
FiatDown,Viaggio,2011,,,
FordDown,Bronco,2011,2019.0,2019.0,
FordDown,EcoSport,2011,2019.0,,
FordDown,Fusion,2011,2019.0,2019.0,
FordDown,Territory,2011,2019.0,2019.0,
FordDown,F-150 Lightning,2011,,,2017.0
FordDown,Focus Electric,2011,,,2017.0
FordDown,Mustang Mach-E,2011,,,2017.0
FordDown,Activa,2011,,,
FordDown,Aspire,2011,,,
FordDown,B-Max,2011,,,
FordDown,Bronco Sport,2011,,,
FordDown,C-Max,2011,,,
FordDown,Capri,2011,,,
FordDown,Classic,2011,,,
FordDown,Contour,2011,,,
FordDown,Crown Victoria,2011,,,
FordDown,Edge,2011,,,
FordDown,Escape,2011,,,
FordDown,Escort,2011,,,
FordDown,Everest,2011,,,
FordDown,Excursion,2011,,,
FordDown,Expedition,2011,,,
FordDown,Explorer,2011,,,
FordDown,Explorer Sport Trac,2011,,,
FordDown,F-150,2011,,,
FordDown,Fairlane,2011,,,
FordDown,Fairmont,2011,,,
FordDown,Falcon,2011,,,
FordDown,Festiva,2011,,,
FordDown,Fiesta,2011,,,
FordDown,Fiesta se,2011,,,
FordDown,Fiesta Sedan,2011,,,
FordDown,Figo,2011,,,
FordDown,Flex,2011,,,
FordDown,Focus,2011,,,
FordDown,Focus Hatchback,2011,,,
FordDown,Focus Titanium,2011,,,
FordDown,Freestar,2011,,,
FordDown,Freestyle,2011,,,
FordDown,Galaxy,2011,,,
FordDown,Ikon,2011,,,
FordDown,Ka,2011,,,
FordDown,Ka Sedan,2011,,,
FordDown,Ka Sedan 1.0 Hatch,2011,,,
FordDown,Ka+,2011,,,
FordDown,Kuga,2011,,,
FordDown,Laser,2011,,,
FordDown,LTD,2011,,,
FordDown,Maverick,2011,,,
FordDown,Mondeo,2011,,,
FordDown,Mustang,2011,,,
FordDown,Ranger,2011,,,
FordDown,S-Max,2011,,,
FordDown,Sierra,2011,,,
FordDown,Stretch Limo,2011,,,
FordDown,Taurus,2011,,,
FordDown,Tourneo,2011,,,
FordDown,Windstar,2011,,,
FotonDown,Tunland,2011,,,
GACDown,Aion ES,2011,2019.0,2019.0,2017.0
GACDown,Aion UT,2011,2019.0,,2017.0
GACDown,AION V,2011,2019.0,2019.0,2017.0
GACDown,Aion Y,2011,2019.0,2019.0,2017.0
GACDown,GS4,2011,2019.0,2019.0,
GACDown,Hyptec HT,2011,2019.0,2019.0,2017.0
GACDown,Aion S,2011,,,2017.0
GMDown,Alpheon,2011,,,
GWMDown,Haval H6,2011,2019.0,2019.0,
GWMDown,Ora 03,2011,2019.0,,2017.0
GWMDown,Ora 5,2011,2019.0,2019.0,2017.0
GWMDown,Poer P30,2011,,,
GWMDown,Tank 300,2011,,,
GeelyDown,Emgrand EC7,2011,2019.0,,
GeelyDown,EX2,2011,2019.0,,2017.0
GeelyDown,EX5,2011,2019.0,2019.0,
GeelyDown,Geely EX5 Max,2011,2019.0,2019.0,
GeelyDown,Geometry C,2011,,,2017.0
GeelyDown,EC7,2011,,,
GeelyDown,EC8,2011,,,
GeelyDown,Emgrand 7,2011,,,
GeelyDown,Emgrand EC718,2011,,,
GeelyDown,GC2,2011,,,
GeelyDown,SC7,2011,,,
GenesisDown,GV60,2011,,,2017.0
Grande MuralhaDown,Haval H6,2011,2019.0,2019.0,
Grande MuralhaDown,Hover,2011,,,
HaimaDown,3 Sedan,2011,,,
HavalDown,H6,2011,2019.0,2019.0,
HavalDown,Novo Haval H6,2011,2019.0,2019.0,
HoldenDown,Cruze,2011,2019.0,2019.0,
HondaDown,Accord,2011,2019.0,2019.0,
HondaDown,Accord Hybrid,2011,2019.0,2019.0,
HondaDown,City,2011,2019.0,2023.0,
HondaDown,City Hatchback,2011,2019.0,2023.0,
HondaDown,Civic,2011,2019.0,2019.0,
HondaDown,Civic e:HEV,2011,2019.0,2019.0,
HondaDown,CR-V,2011,2019.0,2019.0,
HondaDown,HR-V,2011,2019.0,2019.0,
HondaDown,WR-V,2011,2019.0,2019.0,
HondaDown,ZR-V,2011,2019.0,2019.0,
HondaDown,Clarity Electric,2011,,,2017.0
HondaDown,E,2011,,,2017.0
HondaDown,EV Plus,2011,,,2017.0
HondaDown,FCX Clarity,2011,,,2017.0
HondaDown,Accord Crosstour,2011,,,
HondaDown,Airwave,2011,,,
HondaDown,Avancier,2011,,,
HondaDown,Ballade,2011,,,
HondaDown,BR-V,2011,,,
HondaDown,Brio,2011,,,
HondaDown,Ciimo,2011,,,
HondaDown,Civic Type R,2011,,,
HondaDown,Clarity,2011,,,
HondaDown,CR-Z,2011,,,
HondaDown,Crossroad,2011,,,
HondaDown,Domani,2011,,,
HondaDown,Edix,2011,,,
HondaDown,Element,2011,,,
HondaDown,Fit,2011,,,
HondaDown,Fit Shuttle,2011,,,
HondaDown,FR-V,2011,,,
HondaDown,Idea,2011,,,
HondaDown,Insight,2011,,,
HondaDown,Jade,2011,,,
HondaDown,Logo,2011,,,
HondaDown,MDX,2011,,,
HondaDown,Mobilio,2011,,,
HondaDown,Odyssey,2011,,,
HondaDown,Orthia,2011,,,
HondaDown,Partner,2011,,,
HondaDown,Passport,2011,,,
HondaDown,Pilot,2011,,,
HondaDown,Prelude,2011,,,
HondaDown,Ridgeline,2011,,,
HondaDown,Saber,2011,,,
HondaDown,Stepwgn,2011,,,
HondaDown,Stream,2011,,,
HondaDown,That's,2011,,,
HondaDown,Torneo,2011,,,
HondaDown,Vamos,2011,,,
HondaDown,XR-V,2011,,,
HondaDown,Zest,2011,,,
HongqiDown,E-HS9,2011,,,2017.0
HozonDown,Nezha,2011,,,2017.0
HummerDown,H3,2011,,,
HyundaiDown,H-1,2011,,,
HyundaiDown,Azera,2011,2019.0,2019.0,
HyundaiDown,Creta,2011,2019.0,2019.0,
HyundaiDown,Elantra,2011,2019.0,2019.0,
HyundaiDown,Equus,2011,2019.0,,
HyundaiDown,Genesis,2011,2019.0,2019.0,
HyundaiDown,HB20S,2011,2019.0,,
HyundaiDown,HB20x,2011,2019.0,,
HyundaiDown,i30,2011,2019.0,2019.0,
HyundaiDown,Ioniq,2011,2019.0,2019.0,
HyundaiDown,IONIQ 5,2011,2019.0,2019.0,2017.0
HyundaiDown,IONIQ 6,2011,2019.0,2019.0,2017.0
HyundaiDown,IONIQ Electric,2011,2019.0,2019.0,2017.0
HyundaiDown,Ioniq Plug-in Hybrid,2011,2019.0,2019.0,
HyundaiDown,ix35,2011,2019.0,2019.0,
HyundaiDown,Kona,2011,2019.0,,
HyundaiDown,Kona Electric,2011,2019.0,2019.0,2017.0
HyundaiDown,Kona Hybrid,2011,2019.0,,
HyundaiDown,Santa Fe,2011,2019.0,2019.0,
HyundaiDown,Santa Fe Sport,2011,2019.0,2019.0,
HyundaiDown,Sonata,2011,2019.0,2019.0,
HyundaiDown,Tucson,2011,2019.0,2019.0,
HyundaiDown,Veracruz,2011,2019.0,2019.0,
HyundaiDown,Kauai Electric,2011,,,2017.0
HyundaiDown,Lafesta EV,2011,,,2017.0
HyundaiDown,Accent,2011,,,
HyundaiDown,Atos,2011,,,
HyundaiDown,Coupe,2011,,,
HyundaiDown,Elantra GT,2011,,,
HyundaiDown,Entourage,2011,,,
HyundaiDown,Excel,2011,,,
HyundaiDown,Grand Santa Fe,2011,,,
HyundaiDown,Grand Starex,2011,,,
HyundaiDown,HB20,2011,,,
HyundaiDown,i10,2011,,,
HyundaiDown,i20,2011,,,
HyundaiDown,i30 Fastback,2011,,,
HyundaiDown,i30 Wagon,2011,,,
HyundaiDown,i35,2011,,,
HyundaiDown,ix20,2011,,,
HyundaiDown,ix25,2011,,,
HyundaiDown,ix55,2011,,,
HyundaiDown,Lantra,2011,,,
HyundaiDown,Matrix,2011,,,
HyundaiDown,Maxcruz,2011,,,
HyundaiDown,Terracan,2011,,,
HyundaiDown,Tiburon,2011,,,
HyundaiDown,Trajet,2011,,,
HyundaiDown,Veloster,2011,,,
Hyundai MotorsDown,Prime SD,2011,,,
InfinitiDown,EX,2011,,,
InfinitiDown,G Sedan,2011,,,
JACDown,T60,2011,2019.0,2019.0,
JACDown,E10X,2011,,,2017.0
JAC MotorsDown,A-Class,2011,2019.0,2019.0,
JAC MotorsDown,E-JS4,2011,2019.0,2019.0,2017.0
JAC MotorsDown,EJ7,2011,2019.0,2019.0,2017.0
JAC MotorsDown,iEV 40,2011,2019.0,,2017.0
JAC MotorsDown,iEV6S,2011,2019.0,,
JAC MotorsDown,J3 Turin,2011,2019.0,,
JAC MotorsDown,J4,2011,2019.0,2019.0,
JAC MotorsDown,S3,2011,2019.0,,
JAC MotorsDown,T40,2011,2019.0,2019.0,
JAC MotorsDown,T5,2011,2019.0,2019.0,
JAC MotorsDown,T50,2011,2019.0,2019.0,
JAC MotorsDown,T6,2011,2019.0,,
JAC MotorsDown,T60 Plus,2011,2019.0,2019.0,
JAC MotorsDown,T8,2011,2019.0,2019.0,
JAC MotorsDown,T80,2011,2019.0,2019.0,
JAC MotorsDown,E 10X,2011,,,2017.0
JAC MotorsDown,E SEI 2,2011,,,2017.0
JAC MotorsDown,E SEI 4,2011,,,2017.0
JAC MotorsDown,E SEI1,2011,,,2017.0
JAC MotorsDown,E-JS1,2011,,,2017.0
JAC MotorsDown,ES4,2011,,,2017.0
JAC MotorsDown,iEV20,2011,,,2017.0
JAC MotorsDown,iEV4,2011,,,2017.0
JAC MotorsDown,IEV7S,2011,,,2017.0
JAC MotorsDown,Hunter,2011,,,
JAC MotorsDown,J2,2011,,,
JAC MotorsDown,J3,2011,,,
JAC MotorsDown,J5,2011,,,
JAC MotorsDown,J6,2011,,,
JAECOODown,J7,2011,2019.0,2019.0,
JMEVDown,EV3,2011,,,2017.0
JaguarDown,E-PACE,2011,2019.0,2019.0,
JaguarDown,F-PACE,2011,2019.0,2019.0,
JaguarDown,XE,2011,2019.0,2019.0,
JaguarDown,XF,2011,2019.0,2019.0,
JaguarDown,XF Sportbrake,2011,2019.0,,
JaguarDown,I-PACE,2011,,,2017.0
JaguarDown,S-Type,2011,,,
JaguarDown,X-Type,2011,,,
JeepDown,2500,2011,,,
JeepDown,Cherokee,2011,2019.0,2019.0,
JeepDown,Commander,2011,2019.0,2019.0,
JeepDown,Compass,2011,2019.0,2019.0,
JeepDown,Grand Cherokee,2011,2019.0,2019.0,
JeepDown,Renegade,2011,2019.0,2019.0,
JeepDown,Wrangler,2011,2019.0,2019.0,
JetourDown,S06,2011,2019.0,2019.0,
JetourDown,T1,2011,2019.0,2019.0,
JetourDown,T2,2011,2019.0,2019.0,
JonwayDown,A380,2011,,,
KaiyiDown,KYX7,2011,2019.0,2019.0,
KaiyiDown,X3 Pro EV,2011,,,2017.0
KiaDown,Cadenza,2011,2019.0,2019.0,
KiaDown,Carens,2011,2019.0,,
KiaDown,Carnival,2011,2019.0,2019.0,
KiaDown,Cerato,2011,2019.0,2019.0,
KiaDown,E-Niro,2011,2019.0,2019.0,2017.0
KiaDown,Mohave,2011,2019.0,2019.0,
KiaDown,Optima,2011,2019.0,2019.0,
KiaDown,Rio,2011,2019.0,,
KiaDown,Sorento,2011,2019.0,2019.0,
KiaDown,Soul,2011,2019.0,2019.0,
KiaDown,Sportage,2011,2019.0,2019.0,
KiaDown,Stonic,2011,2019.0,2019.0,
KiaDown,EV6,2011,,,2017.0
KiaDown,Niro EV,2011,,,2017.0
KiaDown,Soul EV,2011,,,2017.0
KiaDown,Cee'd,2011,,,
KiaDown,Clarus,2011,,,
KiaDown,Forte,2011,,,
KiaDown,K5,2011,,,
KiaDown,KX3,2011,,,
KiaDown,Magentis,2011,,,
KiaDown,Opirus,2011,,,
KiaDown,Pegas,2011,,,
KiaDown,Picanto,2011,,,
KiaDown,Quoris,2011,,,
KiaDown,Sephia,2011,,,
KiaDown,Shuma,2011,,,
KiaDown,Soluto,2011,,,
KiaDown,Sportage R,2011,,,
KiaDown,Stinger,2011,,,
LadaDown,Niva,2011,,,
LadaDown,Samara,2011,,,
Land RoverDown,Defender,2011,2019.0,2019.0,
Land RoverDown,Discovery,2011,2019.0,2019.0,
Land RoverDown,Discovery Sport,2011,2019.0,2019.0,
Land RoverDown,LR2,2011,2019.0,2019.0,
Land RoverDown,LR3,2011,2019.0,2019.0,
Land RoverDown,LR4,2011,2019.0,2019.0,
Land RoverDown,Range Rover,2011,2019.0,2019.0,
Land RoverDown,Range Rover Evoque,2011,2019.0,2019.0,
Land RoverDown,Range Rover Sport,2011,2019.0,2019.0,
Land RoverDown,Range Rover Velar,2011,2019.0,2019.0,
Land RoverDown,Range Rover Vogue,2011,2019.0,2019.0,
Land RoverDown,Freelander,2011,,,
Land RoverDown,Freelander 2,2011,,,
LandwindDown,Fashion,2011,,,
LandwindDown,X8,2011,,,
LeapmotorDown,B10,2011,2019.0,2019.0,2017.0
LeapmotorDown,c10,2011,2019.0,2019.0,
LeapmotorDown,T03,2011,,,2017.0
LexusDown,CT,2011,2019.0,,
LexusDown,CT200h,2011,2019.0,2019.0,
LexusDown,ES,2011,2019.0,2019.0,
LexusDown,NX,2011,2019.0,2019.0,
LexusDown,NX 300h,2011,2019.0,2019.0,
LexusDown,RX,2011,2019.0,2019.0,
LexusDown,UX Hybrid,2011,2019.0,2019.0,
LexusDown,RZ 450e,2011,,,2017.0
LexusDown,UX 300e,2011,,,2017.0
LexusDown,GS,2011,,,
LexusDown,LS,2011,,,
LexusDown,LX,2011,,,
LexusDown,SC,2011,,,
LifanDown,320,2011,,,
LifanDown,520,2011,,,
LifanDown,530,2011,,,
LifanDown,620,2011,2019.0,,
LifanDown,X60,2011,2019.0,,
LifanDown,X7,2011,2019.0,2019.0,
LifanDown,X50,2011,,,
LifanDown,X80,2011,,,
LincolnDown,Aviator,2011,,,
LincolnDown,Blackwood,2011,,,
LincolnDown,Continental,2011,,,
LincolnDown,LS,2011,,,
LincolnDown,Mark,2011,,,
LincolnDown,Mark LT,2011,,,
LincolnDown,MKC,2011,,,
LincolnDown,MKS,2011,,,
LincolnDown,MKX,2011,,,
LincolnDown,MKZ,2011,,,
LincolnDown,Navegador,2011,,,
LincolnDown,Town Car,2011,,,
LincolnDown,Zephyr,2011,,,
LucidDown,Air,2011,,,2017.0
MGDown,550,2011,,,
MGDown,MG4,2011,2019.0,,2017.0
MGDown,MGS5 EV,2011,2019.0,2019.0,2017.0
MGDown,5 EV,2011,,,2017.0
MGDown,Marvel R,2011,,,2017.0
MGDown,ZS EV,2011,,,2017.0
MGDown,MG 6,2011,,,
MahindraDown,e2o,2011,,,2017.0
MahindraDown,Bolero,2011,,,
MahindraDown,Scorpio,2011,,,
MahindraDown,Thar,2011,,,
MahindraDown,Xylo,2011,,,
MapleDown,30X,2011,,,2017.0
Maruti SuzukiDown,S-Cross,2011,2019.0,2019.0,
MaseratiDown,Coupe,2011,,,
MaseratiDown,Ghibli,2011,,,
MaseratiDown,GranCabrio,2011,,,
MaseratiDown,GranSport,2011,,,
MaseratiDown,Quattroporte,2011,,,
MaxusDown,EUNIQ5,2011,,,2017.0
MazdaDown,323,2011,,,
MazdaDown,626,2011,,,
MazdaDown,929,2011,,,
MazdaDown,CX-7,2011,,,
MazdaDown,MAZDA2,2011,,,
MazdaDown,Millenia,2011,,,
MazdaDown,MPV,2011,,,
MazdaDown,Protege,2011,,,
Mercedes BenzDown,A200,2011,,,
Mercedes-BenzDown,190,2011,,,
Mercedes-BenzDown,220,2011,,,
Mercedes-BenzDown,Citan,2011,,,
Mercedes-BenzDown,EQV,2011,,,2017.0
Mercedes-BenzDown,Sprinter,2011,,,
Mercedes-BenzDown,Vito,2011,2019.0,,
Mercedes-BenzDown,eVito Tourer,2011,,,2017.0
Mercedes-BenzDown,A-Class,2011,2019.0,2019.0,
Mercedes-BenzDown,B-Class,2011,2019.0,2019.0,
Mercedes-BenzDown,B200,2011,2019.0,2019.0,
Mercedes-BenzDown,C 180,2011,2019.0,2019.0,
Mercedes-BenzDown,C 200,2011,2019.0,2019.0,
Mercedes-BenzDown,C 250,2011,2019.0,2019.0,
Mercedes-BenzDown,C-Class,2011,2019.0,2019.0,
Mercedes-BenzDown,CLA-Class,2011,2019.0,2019.0,
Mercedes-BenzDown,E-Class,2011,2019.0,2019.0,
Mercedes-BenzDown,E250,2011,2019.0,2019.0,
Mercedes-BenzDown,GLA-Class,2011,2019.0,2019.0,
Mercedes-BenzDown,GLE-Class,2011,2019.0,2019.0,
Mercedes-BenzDown,M-Class,2011,2019.0,2019.0,
Mercedes-BenzDown,ML Class,2011,2019.0,2019.0,
Mercedes-BenzDown,S-Class,2011,2019.0,2019.0,
Mercedes-BenzDown,B250e,2011,,,2017.0
Mercedes-BenzDown,EQA,2011,,,2017.0
Mercedes-BenzDown,EQB,2011,,,2017.0
Mercedes-BenzDown,EQC,2011,,,2017.0
Mercedes-BenzDown,EQE,2011,,,2017.0
Mercedes-BenzDown,EQS,2011,,,2017.0
Mercedes-BenzDown,B180,2011,,,
Mercedes-BenzDown,C 300,2011,,,
Mercedes-BenzDown,C350e,2011,,,
Mercedes-BenzDown,CL-Class,2011,,,
Mercedes-BenzDown,CLS-Class,2011,,,
Mercedes-BenzDown,E350e,2011,,,
Mercedes-BenzDown,G-Class,2011,,,
Mercedes-BenzDown,GLC-Class,2011,,,
Mercedes-BenzDown,Mercedes-Benz GLE Coupe,2011,,,
Mercedes-BenzDown,Vaneo,2011,,,
MercuryDown,Monterey,2011,,,
MercuryDown,Mystique,2011,,,
MercuryDown,Sable,2011,,,
MiniDown,5 portas,2011,,,
MiniDown,Cabrio,2011,,,
MiniDown,Cooper,2011,,,
MiniDown,Countryman,2011,,,
MiniDown,Paceman,2011,,,
MitsubishiDown,380,2011,,,
MitsubishiDown,Airtrek,2011,2019.0,2019.0,2017.0
MitsubishiDown,ASX,2011,2019.0,2019.0,
MitsubishiDown,Mitsubishi Eclipse Cross,2011,2019.0,2019.0,
MitsubishiDown,Lancer,2011,2019.0,2019.0,
MitsubishiDown,Outlander,2011,2019.0,2019.0,
MitsubishiDown,Outlander Sport,2011,2019.0,2019.0,
MitsubishiDown,Pajero,2011,2019.0,2019.0,
MitsubishiDown,Pajero Full,2011,2019.0,2019.0,
MitsubishiDown,Pajero Sport,2011,2019.0,2019.0,
MitsubishiDown,Pajero TR4,2011,2019.0,,
MitsubishiDown,i-Miev,2011,,,2017.0
MitsubishiDown,Colt,2011,,,
MitsubishiDown,Eclipse,2011,,,
MitsubishiDown,Galant,2011,,,
MitsubishiDown,Grandis,2011,,,
MitsubishiDown,L200,2011,,,
MitsubishiDown,Mirage,2011,,,
MitsubishiDown,Montero,2011,,,
MitsubishiDown,Space Wagon,2011,,,
MitsubishiDown,Triton,2011,,,
NETADown,X,2011,2019.0,2019.0,2017.0
NETADown,Aya,2011,,,2017.0
NETADown,U,2011,,,2017.0
NETADown,V,2011,,,2017.0
NioDown,ES6,2011,,,2017.0
NioDown,ES8,2011,,,2017.0
NioDown,ET7,2011,,,2017.0
NissanDown,Vanette,2011,,,
NissanDown,Altima,2011,2019.0,2019.0,
NissanDown,Kait,2011,2019.0,,
NissanDown,Kicks,2011,2019.0,2019.0,
NissanDown,LEAF,2011,2019.0,2019.0,2017.0
NissanDown,LEAF EV,2011,2019.0,2019.0,2017.0
NissanDown,Pathfinder,2011,2019.0,2019.0,
NissanDown,Sentra,2011,2019.0,2019.0,
NissanDown,V-Drive,2011,2019.0,,
NissanDown,Versa,2011,2019.0,,
NissanDown,Versa V-Drive,2011,2019.0,,
NissanDown,Ariya,2011,,,2017.0
NissanDown,e-NV200,2011,,,2017.0
NissanDown,Caravan,2011,,,
NissanDown,Cedric,2011,,,
NissanDown,DAYZ ROOX,2011,,,
NissanDown,Elgrand,2011,,,
NissanDown,Evalia,2011,,,
NissanDown,Frontier,2011,,,
NissanDown,Grand Livina,2011,,,
NissanDown,Juke,2011,,,
NissanDown,kicks e power,2011,,,
NissanDown,KIX,2011,,,
NissanDown,Liberty,2011,,,
NissanDown,Livina,2011,,,
NissanDown,Livina Geniss,2011,,,
NissanDown,March,2011,,,
NissanDown,Maxima,2011,,,
NissanDown,Micra,2011,,,
NissanDown,Murano,2011,,,
NissanDown,Navara,2011,,,
NissanDown,Note,2011,,,
NissanDown,NV,2011,,,
NissanDown,NV100,2011,,,
NissanDown,Presage,2011,,,
NissanDown,Primera,2011,,,
NissanDown,Pulsar,2011,,,
NissanDown,Qashqai,2011,,,
NissanDown,Missão,2011,,,
NissanDown,Rogue,2011,,,
NissanDown,Sentra B17,2011,,,
NissanDown,Serena,2011,,,
NissanDown,Teana,2011,,,
NissanDown,Terrano,2011,,,
NissanDown,Tida,2011,,,
NissanDown,Tiida,2011,,,
NissanDown,Tiida Sedan,2011,,,
NissanDown,Tino,2011,,,
NissanDown,V16,2011,,,
NissanDown,Versa Note,2011,,,
NissanDown,Wingroad,2011,,,
NissanDown,X-Trail,2011,,,
NissanDown,Xterra,2011,,,
OldsmobileDown,19,2011,2019.0,,
OldsmobileDown,Alero,2011,,,
OldsmobileDown,Aurora,2011,,,
OldsmobileDown,Bravada,2011,,,
OldsmobileDown,Cutlass Supreme,2011,,,
OldsmobileDown,Intrigue,2011,,,
OldsmobileDown,Silhouette,2011,,,
OmodaDown,5,2011,2019.0,2019.0,
OmodaDown,E5,2011,2019.0,2019.0,2017.0
OpelDown,Corsa-E,2011,,,2017.0
OpelDown,Mokka-e,2011,,,2017.0
OpelDown,Corsa,2011,,,
OpelDown,Vectra,2011,,,
OraDown,IQ,2011,,,2017.0
PeugeotDown,107,2011,,,
PeugeotDown,108,2011,,,
PeugeotDown,206,2011,,,
PeugeotDown,207,2011,,,
PeugeotDown,208,2011,2019.0,,
PeugeotDown,300,2011,,,
PeugeotDown,306,2011,,,
PeugeotDown,307,2011,,,
PeugeotDown,308,2011,2019.0,,
PeugeotDown,405,2011,,,
PeugeotDown,406,2011,,,
PeugeotDown,407,2011,,,
PeugeotDown,408,2011,2019.0,,
PeugeotDown,508,2011,2019.0,,
PeugeotDown,607,2011,,,
PeugeotDown,807,2011,,,
PeugeotDown,1007,2011,,,
PeugeotDown,2008,2011,2019.0,2025.0,
PeugeotDown,3008,2011,2019.0,2019.0,
PeugeotDown,4008,2011,,,
PeugeotDown,5008,2011,2019.0,2019.0,
PeugeotDown,Partner,2011,,,
PeugeotDown,E-2008,2011,2019.0,,2017.0
PeugeotDown,E-208,2011,2019.0,2019.0,2017.0
PeugeotDown,e-Rifter,2011,,,2017.0
PeugeotDown,e-Traveller,2011,,,2017.0
PeugeotDown,iOn,2011,,,2017.0
PeugeotDown,206 SW,2011,,,
PeugeotDown,207 Passion,2011,,,
PeugeotDown,207 SW,2011,,,
PeugeotDown,308 SW,2011,,,
PeugeotDown,E-208 GT,2011,,,
PeugeotDown,Pars,2011,,,
PeugeotDown,RCZ,2011,,,
PlymouthDown,Neon,2011,,,
PlymouthDown,Voyager,2011,,,
PolestarDown,2,2011,,,2017.0
PorscheDown,Caiena,2011,2019.0,2019.0,
PorscheDown,Macan,2011,2019.0,2019.0,
PorscheDown,Macan Turbo,2011,2019.0,,
PorscheDown,Taycan,2011,,,2017.0
PorscheDown,Panamera,2011,,,
RAMDown,1500,2011,,,
RAMDown,2500,2011,,,
RAMDown,3500,2011,,,
RAMDown,Rampage,2011,,,
RenaultDown,25,2011,,,
RenaultDown,Dokker,2011,,,
RenaultDown,Boreal,2011,2019.0,2019.0,
RenaultDown,Captur,2011,2019.0,2019.0,
RenaultDown,Duster,2011,2019.0,2023.0,
RenaultDown,Fluence,2011,2019.0,,
RenaultDown,Kardian,2011,2019.0,,
RenaultDown,Megane E-Tech,2011,2019.0,2019.0,2017.0
RenaultDown,Zoe,2011,2019.0,,2017.0
RenaultDown,City K-ZE,2011,,,2017.0
RenaultDown,Fluence Z.E.,2011,,,2017.0
RenaultDown,Kangoo Z.E.,2011,,,2017.0
RenaultDown,Renault Kwid E-Tech,2011,,,2017.0
RenaultDown,Clio,2011,,,
RenaultDown,Clio Break,2011,,,
RenaultDown,Clio Grandtour,2011,,,
RenaultDown,Clio Sedan,2011,,,
RenaultDown,Duster Oroch,2011,,,
RenaultDown,Espace,2011,,,
RenaultDown,Grand Scenic,2011,,,
RenaultDown,Kadjar,2011,,,
RenaultDown,Kangoo,2011,,,
RenaultDown,Kaptur,2011,,,
RenaultDown,Koleos,2011,,,
RenaultDown,Kwid,2011,,,
RenaultDown,Laguna,2011,,,
RenaultDown,Latitude,2011,,,
RenaultDown,Lodgy,2011,,,
RenaultDown,Logan,2011,,,
RenaultDown,Megane,2011,,,
RenaultDown,Mégane Estate,2011,,,
RenaultDown,Megane Grandtour,2011,,,
RenaultDown,New Logan,2011,,,
RenaultDown,Pulse,2011,,,
RenaultDown,Safrane,2011,,,
RenaultDown,Sandero,2011,,,
RenaultDown,Scala,2011,,,
RenaultDown,Scenic,2011,,,
RenaultDown,Stepway,2011,,,
RenaultDown,Symbol,2011,,,
RenaultDown,Thalia,2011,,,
RenaultDown,Tondar,2011,,,
RenaultDown,Twingo,2011,,,
RenaultDown,Vel Satis,2011,,,
RivianDown,R1S,2011,,,2017.0
RivianDown,R1T,2011,,,2017.0
RoeweDown,E50,2011,,,2017.0
SeatDown,Cordoba,2011,,,
SeatDown,Ibiza,2011,,,
SkodaDown,Skoda Enyaq,2011,,,2017.0
SkodaDown,Enyaq iV,2011,,,2017.0
SmartDown,#1,2011,,,2017.0
SsangyongDown,Korando,2011,2019.0,2019.0,
SsangyongDown,Kyron,2011,2019.0,,
SsangyongDown,XLV,2011,2019.0,2019.0,
SsangyongDown,Actyon,2011,,,
SsangyongDown,Actyon Sports,2011,,,
SsangyongDown,Chairman,2011,,,
SsangyongDown,Istana,2011,,,
SsangyongDown,Musso,2011,,,
SsangyongDown,Rexton,2011,,,
SubaruDown,Forester,2011,2019.0,2019.0,
SubaruDown,Impreza,2011,2019.0,2019.0,
SubaruDown,WRX,2011,2019.0,,
SubaruDown,XV Crosstrek,2011,2019.0,2019.0,
SubaruDown,Solterra,2011,,,2017.0
SubaruDown,Legacy,2011,,,
SubaruDown,Outback,2011,,,
SubaruDown,Tribeca,2011,,,
SuzukiDown,Grand Vitara,2011,2019.0,2019.0,
SuzukiDown,S-Cross,2011,2019.0,2019.0,
SuzukiDown,Vitara,2011,2019.0,,
SuzukiDown,Aerio,2011,,,
SuzukiDown,Alto,2011,,,
SuzukiDown,APV,2011,,,
SuzukiDown,Baleno,2011,,,
SuzukiDown,Ignis,2011,,,
SuzukiDown,Jimny,2011,,,
SuzukiDown,Kei,2011,,,
SuzukiDown,Lapin,2011,,,
SuzukiDown,MR Wagon,2011,,,
SuzukiDown,Swift,2011,,,
SuzukiDown,SX4,2011,,,
SuzukiDown,Verona,2011,,,
SuzukiDown,Wagon R,2011,,,
SuzukiDown,XL7,2011,,,
TataDown,Nexon EV,2011,,,2017.0
TeslaDown,Model 3,2011,,,2017.0
TeslaDown,Model S,2011,,,2017.0
TeslaDown,Model X,2011,,,2017.0
TeslaDown,Model Y,2011,,,2017.0
ToyotaDown,Etios Sedan,2011,2019.0,,
ToyotaDown,Camry,2011,2019.0,2019.0,
ToyotaDown,Camry Hybrid,2011,2019.0,2019.0,
ToyotaDown,Corolla,2011,2019.0,2019.0,
ToyotaDown,Corolla Altis,2011,2019.0,2019.0,
ToyotaDown,Toyota Corolla Altis Hybrid,2011,2019.0,2019.0,
ToyotaDown,Corolla Ceres,2011,2019.0,2019.0,
ToyotaDown,Corolla Cross,2011,2019.0,2019.0,
ToyotaDown,Corolla Cross Hybrid,2011,2019.0,2019.0,
ToyotaDown,Corolla EX,2011,2019.0,2019.0,
ToyotaDown,Corolla Hybrid,2011,2019.0,2019.0,
ToyotaDown,Hilux SW4,2011,2019.0,2019.0,
ToyotaDown,Prius,2011,2019.0,2019.0,
ToyotaDown,Prius+,2011,2019.0,2019.0,
ToyotaDown,RAV4,2011,2019.0,2019.0,
ToyotaDown,Sienna,2011,2019.0,2019.0,
ToyotaDown,SW4,2011,2019.0,2019.0,
ToyotaDown,Yaris,2011,2019.0,,
ToyotaDown,Yaris Ativ,2011,2019.0,,
ToyotaDown,Yaris Cross,2011,2019.0,2019.0,
ToyotaDown,Yaris Cross Hybrid,2011,2019.0,2019.0,
ToyotaDown,Yaris iA,2011,2019.0,,
ToyotaDown,Yaris Sedan,2011,2019.0,,
ToyotaDown,BZ3,2011,,,2017.0
ToyotaDown,bZ4X,2011,,,2017.0
ToyotaDown,C-HR EV,2011,,,2017.0
ToyotaDown,Mirai,2011,,,2017.0
ToyotaDown,Proace Electric,2011,,,2017.0
ToyotaDown,4Runner,2011,,,
ToyotaDown,Agya,2011,,,
ToyotaDown,Altis,2011,,,
ToyotaDown,Avalon,2011,,,
ToyotaDown,Celica,2011,,,
ToyotaDown,Comfort,2011,,,
ToyotaDown,Condor,2011,,,
ToyotaDown,Corolla Axio,2011,,,
ToyotaDown,Corolla Fielder,2011,,,
ToyotaDown,Corolla Hatchback,2011,,,
ToyotaDown,Corolla iM,2011,,,
ToyotaDown,Corolla Levin,2011,,,
ToyotaDown,Corolla Rumion,2011,,,
ToyotaDown,Corolla RunX,2011,,,
ToyotaDown,Corolla Sedan,2011,,,
ToyotaDown,Corolla Spacio,2011,,,
ToyotaDown,Corolla Wagon,2011,,,
ToyotaDown,Corona,2011,,,
ToyotaDown,Crown Sedan,2011,,,
ToyotaDown,E'Z,2011,,,
ToyotaDown,Echo,2011,,,
ToyotaDown,Etios,2011,,,
ToyotaDown,Etios Cross,2011,,,
ToyotaDown,Etios Liva,2011,,,
ToyotaDown,FJ Cruiser,2011,,,
ToyotaDown,Highlander,2011,,,
ToyotaDown,Hilux,2011,,,
ToyotaDown,Land Cruiser,2011,,,
ToyotaDown,Paseo,2011,,,
ToyotaDown,Previa,2011,,,
ToyotaDown,Prius Alpha,2011,,,
ToyotaDown,Prius Prime,2011,,,
ToyotaDown,Proace,2011,,,
ToyotaDown,RAV4 Prime,2011,,,
ToyotaDown,Supra,2011,,,
ToyotaDown,Tarago,2011,,,
ToyotaDown,Terios,2011,,,
ToyotaDown,TownAce,2011,,,
ToyotaDown,Vitz,2011,,,
ToyotaDown,Yaris R,2011,,,
UberDown,Outros,2011,,,
VauxhallDown,Mokka-e,2011,,,2017.0
VauxhallDown,Vivaro-e,2011,,,2017.0
VenuciaDown,E30,2011,,,2017.0
VolkswagenDown,Voyage,2011,2019.0,,
VolkswagenDown,Polo,2011,2023.0,,
VolkswagenDown,CC,2011,2019.0,2019.0,
VolkswagenDown,Golf,2011,2019.0,2019.0,
VolkswagenDown,Jetta,2011,2019.0,2019.0,
VolkswagenDown,Jetta Clasico,2011,2019.0,2019.0,
VolkswagenDown,Jetta GLI,2011,2019.0,2019.0,
VolkswagenDown,Jetta SportWagen,2011,2019.0,2019.0,
VolkswagenDown,Nivus,2011,2019.0,2023.0,
VolkswagenDown,Passat,2011,2019.0,2019.0,
VolkswagenDown,Polo Sedan,2011,2019.0,,
VolkswagenDown,Polo Track,2011,2019.0,,
VolkswagenDown,Space Cross,2011,2019.0,,
VolkswagenDown,T-Cross,2011,2019.0,2019.0,
VolkswagenDown,Taos,2011,2019.0,2019.0,
VolkswagenDown,Tera,2011,2019.0,,
VolkswagenDown,Tiguan,2011,2019.0,2019.0,
VolkswagenDown,Touareg,2011,2019.0,2019.0,
VolkswagenDown,Virtus,2011,2019.0,2025.0,
VolkswagenDown,e-Bora,2011,,,2017.0
VolkswagenDown,e-Golf,2011,,,2017.0
VolkswagenDown,e-Tharu,2011,,,2017.0
VolkswagenDown,e-up!,2011,,,2017.0
VolkswagenDown,ID.3,2011,,,2017.0
VolkswagenDown,Volkswagen ID.4,2011,,,2017.0
VolkswagenDown,ID.5,2011,,,2017.0
VolkswagenDown,ID.6,2011,,,2017.0
VolkswagenDown,Amarok,2011,,,
VolkswagenDown,Beetle,2011,,,
VolkswagenDown,Bora,2011,,,
VolkswagenDown,Cabrio,2011,,,
VolkswagenDown,Caddy,2011,,,
VolkswagenDown,Caravelle,2011,,,
VolkswagenDown,Cross Lavida,2011,,,
VolkswagenDown,CrossFox,2011,,,
VolkswagenDown,Derby,2011,,,
VolkswagenDown,Eos,2011,,,
VolkswagenDown,EuroVan,2011,,,
VolkswagenDown,Fox,2011,,,
VolkswagenDown,GLI,2011,,,
VolkswagenDown,Gol,2011,,,
VolkswagenDown,Gol Trend,2011,,,
VolkswagenDown,Golf Alltrack,2011,,,
VolkswagenDown,Golf Estate,2011,,,
VolkswagenDown,Golf GTI,2011,,,
VolkswagenDown,Golf Hatchback,2011,,,
VolkswagenDown,Golf Plus,2011,,,
VolkswagenDown,Golf SportWagen,2011,,,
VolkswagenDown,Golf Variant,2011,,,
VolkswagenDown,GTI,2011,,,
VolkswagenDown,Lamando,2011,,,
VolkswagenDown,Lupo,2011,,,
VolkswagenDown,Magotan,2011,,,
VolkswagenDown,Parati,2011,,,
VolkswagenDown,Phaeton,2011,,,
VolkswagenDown,Pointer,2011,,,
VolkswagenDown,Polo MCA,2011,,,
VolkswagenDown,Rabbit,2011,,,
VolkswagenDown,Sagitar,2011,,,
VolkswagenDown,Santana,2011,,,
VolkswagenDown,Sedan,2011,,,
VolkswagenDown,Sharan,2011,,,
VolkswagenDown,Spacefox,2011,,,
VolkswagenDown,Sportsvan,2011,,,
VolkswagenDown,T-Roc,2011,,,
VolkswagenDown,Tiguan Allspace,2011,,,
VolkswagenDown,Touran,2011,,,
VolkswagenDown,TSi,2011,,,
VolkswagenDown,Up,2011,,,
VolkswagenDown,Vento,2011,,,
VolvoDown,850,2011,,,
VolvoDown,EX30,2011,2019.0,2019.0,2017.0
VolvoDown,S40,2011,2019.0,2019.0,
VolvoDown,S60,2011,2019.0,2019.0,
VolvoDown,S70,2011,2019.0,2019.0,
VolvoDown,S80,2011,2019.0,2019.0,
VolvoDown,S90,2011,2019.0,2019.0,
VolvoDown,V40,2011,2019.0,2019.0,
VolvoDown,V50,2011,2019.0,2019.0,
VolvoDown,V60,2011,2019.0,2019.0,
VolvoDown,V70,2011,2019.0,2019.0,
VolvoDown,XC40,2011,2019.0,2019.0,
VolvoDown,XC40 Electric,2011,2019.0,2019.0,2017.0
VolvoDown,XC60,2011,2019.0,2019.0,
VolvoDown,XC70,2011,2019.0,2019.0,
VolvoDown,XC90,2011,2019.0,2019.0,
VolvoDown,C40 Recharge,2011,,,2017.0
VolvoDown,C30,2011,,,
VolvoDown,C70,2011,,,
XPENGDown,G3,2011,,,2017.0
XPENGDown,G9,2011,,,2017.0
XPENGDown,P7,2011,,,2017.0
ZeepoDown,I-Zeepo,2011,,,2017.0
