Municipio,Estado,Quantidade,MarketShare_Pct
São Paulo,SP,108786,12.4625
Barueri,SP,4709,0.5395
São Bernardo do Campo,SP,4578,0.5245
Guarulhos,SP,4226,0.4841
Santana de Parnaíba,SP,4119,0.4719
Santo André,SP,4013,0.4597
Mogi das Cruzes,SP,2828,0.324
São Caetano do Sul,SP,2714,0.3109
Osasco,SP,2537,0.2906
Cotia,SP,1591,0.1823
Arujá,SP,806,0.0923
Diadema,SP,786,0.09
Suzano,SP,758,0.0868
Mauá,SP,655,0.075
Carapicuíba,SP,581,0.0666
Taboão da Serra,SP,559,0.064
Cajamar,SP,448,0.0513
Mairiporã,SP,411,0.0471
Embu das Artes,SP,380,0.0435
Jandira,SP,352,0.0403
Itaquaquecetuba,SP,339,0.0388
Vargem Grande Paulista,SP,333,0.0381
Ribeirão Pires,SP,326,0.0373
Caieiras,SP,323,0.037
Itapevi,SP,313,0.0359
Poá,SP,256,0.0293
Itapecerica da Serra,SP,240,0.0275
Ferraz de Vasconcelos,SP,164,0.0188
Franco da Rocha,SP,161,0.0184
Guararema,SP,156,0.0179
Santa Isabel,SP,139,0.0159
Embu-Guaçu,SP,134,0.0154
Francisco Morato,SP,112,0.0128
