Modelo,Fabricante,Veiculos_Vendidos,Part_Mercado_Pct
BYD DOLPHIN MINI GS5EV,BYD,80820,9.2587
BYD DOLPHIN GS 180EV,BYD,58259,6.6741
BYD SONG PLUS GS DM,BYD,57821,6.624
TOYOTA CCROSS XRX HYBRID,TOYOTA,57745,6.6153
BYD SONG PRO GS DM,BYD,40565,4.6471
TOYOTA COROLLA APREMIUMH,TOYOTA,24688,2.8283
BYD KING GS DM,BYD,22091,2.5307
GEELY EX2 MAX,GEELY,17966,2.0582
GWM HAVAL H6 PHEV 19,GWM,16980,1.9452
BYD SONG PRO GL DM,BYD,15848,1.8155
BYD DOLPHIN MINI GS EV,BYD,15827,1.8131
GWM HAVAL H6 PREM HEV,GWM,15624,1.7899
GWM HAVAL H6 GT,GWM,14576,1.6698
CAOACHERY TIGGO8 PHEV,CAOA CHERY,11224,1.2858
GEELY EX2 PRO,GEELY,10958,1.2553
GWM HAVAL H6 PREM PHEV,GWM,10913,1.2502
OMODA 5 HEV PRESTIGE,OMODA JAECOO,10153,1.1631
BYD YUAN PRO GS 290EV,BYD,9273,1.0623
BYD DOLPHIN MINI GL5EV,BYD,8983,1.0291
BYD SEAL AWD GS 590EV,BYD,8669,0.9931
GWM HAVAL H6 PHEV19,GWM,8479,0.9714
GWM HAVAL H6 HEV2,GWM,8453,0.9684
BYD DOLPHIN PLUS 310EV,BYD,7746,0.8874
TOYOTA COROLLA GLI HEV,TOYOTA,7439,0.8522
JAECOO 7 ELITE,OMODA JAECOO,7222,0.8274
TOYOTA RAV4H SXAWD CNT,TOYOTA,7017,0.8039
TOYOTA YCROSS XRX-HYBRID,TOYOTA,6622,0.7586
BYD KING GL DM,BYD,6500,0.7446
BYD SONG PLUS PREM DM,BYD,6418,0.7352
OMODA 5 HEV LUXURY,OMODA JAECOO,6298,0.7215
CHEV SPARK EUV ACTIV,GM,6006,0.688
GWM ORA 03 SKIN BEV48,GWM,5824,0.6672
GWM HAVAL H6 HEV,GWM,5748,0.6585
GWM TANK 300 PHEV,GWM,5740,0.6576
BYD YUAN PLUS GL 310EV,BYD,5715,0.6547
JAECOO 7 PRESTIGE,OMODA JAECOO,5419,0.6208
TOYOTA CCROSS XRV HYBRID,TOYOTA,5367,0.6148
CAOACHERY TIGGO5X PRO H,CAOA CHERY,4920,0.5636
GWM HAVAL H6 HEV2 FLEX,GWM,4582,0.5249
GWM ORA 03 GT BEV63,GWM,4418,0.5061
GAC GS4 ELITE,GAC,4372,0.5009
LPM C10 REEV E27,LEAPMOTOR,4101,0.4698
VOLVO XC60 T8 PLUS,VOLVO,4066,0.4658
JAECOO 7 LUXURY,OMODA JAECOO,4056,0.4647
VOLVO XC60 T8 ULTIMATE,VOLVO,3841,0.44
CAOACHERY TIGGO5X PRO HA,CAOA CHERY,3713,0.4254
GWM HAVAL H6 PHEV19 FF,GWM,3611,0.4137
BMW X5 XDRIVE50E MSP,BMW,3537,0.4052
VOLVO EX30 E60 ULTRA,VOLVO,3453,0.3956
CAOACHERY TIGGO7 PRO HA,CAOA CHERY,3340,0.3826
HONDA CIVIC HYB TRNG,HONDA,3314,0.3797
TOYOTA COROLLA ALTIS HV,TOYOTA,3299,0.3779
RENAULT E-KWID INTENS,RENAULT,3062,0.3508
TOYOTA YCROSS XRE-HYBRID,TOYOTA,2976,0.3409
JAC E JS1,JAC,2938,0.3366
GWM HAVAL H6 PHEV35,GWM,2816,0.3226
CAOACHERY TIGGO7 PRO H,CAOA CHERY,2761,0.3163
KIA SPORTAGE TMHEV EXP,KIA,2680,0.307
VOLVO XC40 6 PLUS,VOLVO,2626,0.3008
VOLVO XC60 T8 ULT DARK,VOLVO,2620,0.3001
DENZA B5 GS DM,DENZA,2568,0.2942
GWM HAVAL H6 HEV ESP,GWM,2561,0.2934
BYD DOLPHIN SE 290EV,BYD,2542,0.2912
GEELY EX5 EM-I MAX,GEELY,2492,0.2855
PORSCHE CAYENNE CP PHE,PORSCHE,2459,0.2817
KIA STONIC MHEV SX,KIA,2401,0.2751
VOLVO XC60 T8 ULTRA,VOLVO,2325,0.2664
GEELY EX5 MAX,GEELY,2303,0.2638
GAC AION V ELITE,GAC,2246,0.2573
HONDA CR-V FH-TOU,HONDA,2227,0.2551
BMW 330E,BMW,2224,0.2548
GWM WEY 07,GWM,2077,0.2379
AUDI Q5 SB P-HIBRIDO,AUDI,2061,0.2361
BMW X3 XDRIVE30E,BMW,2040,0.2337
BYD SONG PRO GS DM FLEX,BYD,1996,0.2287
BYD SHARK GS DM,BYD,1894,0.217
GEELY EX5 EM-I ULTRA,GEELY,1890,0.2165
JETOUR T2 I-DM PREMIUM,JETOUR,1817,0.2082
GWM ORA 5,GWM,1810,0.2074
CHEV CAPTIVA EV PR,GM,1702,0.195
M.BENZ C200 AMG LINE,M.BENZ,1622,0.1858
CAOACHERY TIGGO7 PHEV,CAOA CHERY,1590,0.1821
BMW X6 XDRIVE40I MSP,BMW,1575,0.1804
GAC AION UT ELITE,GAC,1549,0.1775
FORD MAVERICK LRT HYB,FORD,1527,0.1749
PORSCHE CAYENNE PHEV,PORSCHE,1503,0.1722
FORD MAVERICK HYB LRT,FORD,1451,0.1662
MMC OUTLANDER SIGNTR E,MITSUBISHI,1387,0.1589
FIAT FASTBACK AUDACE HYB,FIAT,1383,0.1584
M.BENZ C300 AMG LINE,M.BENZ,1383,0.1584
GWM HAVAL H6 PHEV,GWM,1338,0.1533
GWM ORA 03 BEV58 C,GWM,1312,0.1503
LPM C10 DESIGN,LEAPMOTOR,1286,0.1473
OMODA E5,OMODA JAECOO,1271,0.1456
GWM ORA 03 BEV58,GWM,1263,0.1447
MINI COUNTRYMAN PHEV,MINI,1260,0.1443
GWM TANK 300 PHEV FLEX,GWM,1246,0.1427
VOLVO XC90 T8 ULTIMATE,VOLVO,1244,0.1425
VOLVO XC40 8 ULTIMATE,VOLVO,1236,0.1416
BYD ATTO 8 GS DM,BYD,1231,0.141
VOLVO EX30 E60 PLUS,VOLVO,1218,0.1395
AUDI Q5 P-HIBRIDO,AUDI,1178,0.135
GAC AION UT PREMIUM,GAC,1176,0.1347
LPM B10 LIFE,LEAPMOTOR,1168,0.1338
CAOACHERY ARRIZO6 PROH,CAOA CHERY,1143,0.1309
VOLVO C40 8 ULTIMATE,VOLVO,1129,0.1293
VOLVO EX30 E60 CORE,VOLVO,1090,0.1249
OMODA 7 PHEV PRESTIGE,OMODA JAECOO,1085,0.1243
KIA NIRO HEV 1.6 SX,KIA,1079,0.1236
LEXUS NX350H LUXURY,LEXUS,1070,0.1226
FIAT FASTBACK IMPETUS HY,FIAT,1019,0.1167
GWM HAVAL H6 HEV1 FLEX,GWM,1010,0.1157
CAOACHERY ICAR EQ1 TEC,CAOA CHERY,996,0.1141
VOLVO XC90 T8 PLUS,VOLVO,956,0.1095
TOYOTA RAV4H SXAWD CNT HEV,TOYOTA,948,0.1086
VOLVO EX40 6 PLUS,VOLVO,946,0.1084
M.BENZ GLE450 D 4M,M.BENZ,926,0.1061
MINI COOPER S ELECTRIC,MINI,917,0.1051
LR DISC D300 LE,LAND ROVER,908,0.104
JETOUR T1 I-DM PREMIUM,JETOUR,907,0.1039
M.BENZ GLA200 AMG LINE,M.BENZ,865,0.0991
BMW X5XDRIVE45E PHEV,BMW,858,0.0983
JEEP COMPASS S 4XE,JEEP,845,0.0968
RENAULT E-KWID TECHNO,RENAULT,834,0.0955
BMW IX1 XDRIVE30,BMW,810,0.0928
JETOUR T2 I-DM PRM 4X4,JETOUR,810,0.0928
JETOUR S06 DM PREMIUM,JETOUR,790,0.0905
LR RRS D350 HSED,LAND ROVER,787,0.0902
LEXUS NX350H F-SPORT,LEXUS,782,0.0896
NISSAN LEAF TEKNA,NISSAN,781,0.0895
LR RRS PHEV AB,LAND ROVER,780,0.0894
VOLVO C40 6 PLUS,VOLVO,770,0.0882
TOYOTA RAV4 SX HYBRID,TOYOTA,745,0.0853
PORSCHE PANAMERA 4EHYB,PORSCHE,744,0.0852
FIAT PULSE AUDACE HYB,FIAT,738,0.0845
VOLVO XC40 RECHARGE PE,VOLVO,727,0.0833
GWM HAVAL H6 PHEV35 FF,GWM,725,0.0831
GAC AION Y ELITE,GAC,717,0.0821
VOLVO EX30 E40 CORE,VOLVO,701,0.0803
BMW IX3,BMW,696,0.0797
FIAT PULSE IMPETUS HYB,FIAT,688,0.0788
VOLVO XC60 T8 POLESTAR,VOLVO,670,0.0768
LR DEF110D HSE XD 7L,LAND ROVER,666,0.0763
VOLVO XC90 T8 AWD ULT,VOLVO,664,0.0761
HYUNDAI KONA LTD HEV,HYUNDAI,661,0.0757
PEUGEOT E2008 GT,PEUGEOT,651,0.0746
VOLVO EC40 6 PLUS,VOLVO,651,0.0746
BMW IX XDRIVE40,BMW,648,0.0742
M.BENZ CLA200 AMG LINE,M.BENZ,631,0.0723
BMW X3 XDRIVE30E PHEV,BMW,630,0.0722
BYD SEALION 7 GS 690EV,BYD,610,0.0699
HYD KONA H 16GDI SIG,HYUNDAI,599,0.0686
LR DISC SPT D200 SE RD,LAND ROVER,595,0.0682
PORSCHE CAYENNE SCPHEV,PORSCHE,590,0.0676
GEELY EX5 PRO,GEELY,578,0.0662
LEXUS RX500H F-SPORT,LEXUS,578,0.0662
VOLVO XC90 T8 ULT DARK,VOLVO,572,0.0655
MG MG4 64 KWH COM,MG,571,0.0654
VOLVO EX30 TWIN ULTRA,VOLVO,567,0.065
VOLVO XC60 INSC EXPRES PHEV,VOLVO,566,0.0648
PORSCHE PANAMERA 4SEHY,PORSCHE,557,0.0638
HONDA ACCORD HYB TRNG,HONDA,551,0.0631
HYUNDAI IONIQ HYBRID,HYUNDAI,501,0.0574
VOLVO EX30 E40 PLUS,VOLVO,497,0.0569
M.BENZ GLC300 4M,M.BENZ,496,0.0568
JETOUR S06 DM ADVANCE,JETOUR,489,0.056
SUBARU FORESTER S MHEV,SUBARU,482,0.0552
CHEV BLAZER EV RS,GM,476,0.0545
GAC GS4 PREMIUM,GAC,475,0.0544
JAC EJV5.5,JAC,475,0.0544
BYD TAN AWD GS 680EV,BYD,471,0.054
LEXUS UX300H,LEXUS,453,0.0519
CITROEN E JUMPY CARGO,CITROEN,444,0.0509
MMC OUTLANDER HPES E,MITSUBISHI,441,0.0505
JAC E JS4,JAC,432,0.0495
RENAULT KANGOO ETECHL2,RENAULT,423,0.0485
MG S5 EV 62KWH LUX,MG,419,0.048
KIA NIRO HEV 1.6 EX,KIA,415,0.0475
ZEEKR 7X FLAGSHIP AWD,ZEEKR,415,0.0475
LR VELAR PHEV HSE DYN,LAND ROVER,409,0.0469
HYD KONA H 16GDI ULT,HYUNDAI,404,0.0463
BMW X5 XDRIVE45E,BMW,401,0.0459
M.BENZ AMG GLE53 4M,M.BENZ,401,0.0459
RENAULT KANGOO MAX ZE,RENAULT,400,0.0458
MG MG4 64 KWH LUX,MG,397,0.0455
BMW X6 M COMPETITION,BMW,385,0.0441
VOLVO XC60 T8 INSCRIPT PHEV,VOLVO,385,0.0441
M.BENZ GLB200 PROG,M.BENZ,382,0.0438
LEXUS ES300H,LEXUS,380,0.0435
TOYOTA RAV4 S HYBRID,TOYOTA,377,0.0432
PEUGEOT E EXPERT CARGO,PEUGEOT,376,0.0431
VOLVO C40 P8 RECHARGE,VOLVO,374,0.0428
BYD TAN AWD GS 700EV,BYD,373,0.0427
CHEV EQUINOX EV,GM,372,0.0426
BMW 530E M SPORT,BMW,360,0.0412
LR R.R SPT 3.0 TD HSE  PHEV,LAND ROVER,360,0.0412
GWM HAVAL H6 GT FF,GWM,356,0.0408
FORD MUSTANG MACH-E GT,FORD,354,0.0406
LR DISC SPT D200 SE RD7L,LAND ROVER,352,0.0403
RENAULT MEGANE E-TECH,RENAULT,349,0.04
BYD D1 GS 180EV,BYD,344,0.0394
TOYOTA RAV4 XSE PHEV,TOYOTA,341,0.0391
BYD YUAN PLUS GS 560EV,BYD,337,0.0386
AUDI E TRON SPB,AUDI,327,0.0375
LR DISC SPT D200 SE D 7L,LAND ROVER,324,0.0371
BMW IX2 XDRIVE30 MSP,BMW,323,0.037
GAC AION ES PLUS,GAC,312,0.0357
BMW IX1 EDRIVE20,BMW,309,0.0354
ZEEKR X FLAGSHIP,ZEEKR,308,0.0353
JETOUR T2 I-DM ADVANCE,JETOUR,303,0.0347
VOLVO XC90 INSC EXPRES,VOLVO,298,0.0341
MG MG4 URB EV43KWH LUX,MG,294,0.0337
M.BENZ GLC300 4M CO,M.BENZ,290,0.0332
M.BENZ GLE450 D 4M CO,M.BENZ,286,0.0328
FIAT 500E ICON,FIAT,282,0.0323
VOLVO XC90 T8 AWD PLUS,VOLVO,282,0.0323
AUDI Q8 SB HIBRIDO,AUDI,280,0.0321
SUBARU XV S MHEV,SUBARU,276,0.0316
LR DISC SPT D200 SE RD7L PHEV,LAND ROVER,275,0.0315
LR VELAR PHEVSRDYN,LAND ROVER,272,0.0312
VOLVO EX90 ULT TW PER,VOLVO,271,0.031
FORD ETRANSIT F35LAAB,FORD,270,0.0309
RENAULT KOLEOS E-TECH,RENAULT,268,0.0307
PORSCHE CAYENNE S PHEV,PORSCHE,267,0.0306
JAC EJV12,JAC,264,0.0302
JETOUR T1 I-DM ADVANCE,JETOUR,262,0.03
VOLVO EX30 C COUNTRY,VOLVO,262,0.03
MINI COUNTRYMAN SE TOP,MINI,261,0.0299
PORSCHE MACAN E4,PORSCHE,260,0.0298
LEXUS NX450H PLUG-IN,LEXUS,256,0.0293
VW ID.4 PRO PERF,VW,255,0.0292
JEEP G CHEROKEE 4XE,JEEP,247,0.0283
PORSCHE MACAN E4S,PORSCHE,242,0.0277
LEXUS UX250H LUXURY,LEXUS,237,0.0272
VOLVO XC90 T8 AWD ULTD,VOLVO,237,0.0272
LR DEF110D HSE XD,LAND ROVER,233,0.0267
GAC HYPTEC HT ELITE,GAC,232,0.0266
M.BENZ GLB220 4M AMG L,M.BENZ,232,0.0266
M.BENZ AMG GLE63S CO,M.BENZ,231,0.0265
CHEV BOLT EUV PREMIER,GM,230,0.0263
PORSCHE TAYCAN 4S,PORSCHE,230,0.0263
VOLVO XC90 T8 ULTRA,VOLVO,228,0.0261
M.BENZ AMG GLC43 CO,M.BENZ,227,0.026
BMW 530E,BMW,223,0.0255
LR DEF110D350 HSE XD,LAND ROVER,222,0.0254
GEELY EX5 EM-I PRO,GEELY,220,0.0252
AUDI Q8 SB E TRON 55,AUDI,217,0.0249
LEXUS NX350H DYNAMIC,LEXUS,217,0.0249
LR DEF110D SE XD 7L,LAND ROVER,217,0.0249
PORSCHE TAYCAN 4S CT,PORSCHE,214,0.0245
BYD YUAN PLUS GS 310EV,BYD,211,0.0242
LR RR PHEV AB,LAND ROVER,210,0.0241
LR RRS D350 AB,LAND ROVER,207,0.0237
BMW IX XDRIVE50,BMW,206,0.0236
JAG FPACE PHEV RD SE,JAGUAR,206,0.0236
GWM WEY 07 DARK ED.,GWM,204,0.0234
MINI COOPER SE,MINI,204,0.0234
RENAULT ZOE NEO INT,RENAULT,203,0.0233
BMW X7 M60I,BMW,199,0.0228
MINI ACEMAN SE,MINI,197,0.0226
PORSCHE CAYENNE CPH BE,PORSCHE,194,0.0222
MG S5 EV 62KWH COM,MG,192,0.022
KIA SPORTAGE TMHEV EX,KIA,191,0.0219
VOLVO EC40 PERF ULTRA,VOLVO,188,0.0215
LR DISC SPT D200 SE PHEV,LAND ROVER,186,0.0213
NETA X 500 COMFORT,NETA,186,0.0213
LR VELAR P340 HSE RDYN,LAND ROVER,185,0.0212
LEXUS RX450H PLUG-IN,LEXUS,183,0.021
BYD ET3,BYD,182,0.0208
LR RRS PHEV LE,LAND ROVER,182,0.0208
M.BENZ EQA 250,M.BENZ,182,0.0208
ZEEKR 001 FLAGSHIP,ZEEKR,181,0.0207
M.BENZ C200 AMG LINE- HEV,M.BENZ,180,0.0206
LR DEF110D HSE 7L,LAND ROVER,177,0.0203
M.BENZ GLB220 4M PROG,M.BENZ,177,0.0203
OMODA 7 PHEV LUXURY,OMODA JAECOO,177,0.0203
PORSCHE PANAMERA 4EHST,PORSCHE,177,0.0203
PORSCHE TAYCAN  4CT,PORSCHE,175,0.02
BMW I3 BEV 120AH,BMW,174,0.0199
LR DISC SPT D200 SE RD PHEV,LAND ROVER,173,0.0198
MG MG4 URB EV54KWH LUX,MG,171,0.0196
JAG FPACE P340 RDYN SE,JAGUAR,170,0.0195
M.BENZ CLA200 PROG,M.BENZ,168,0.0192
M.BENZ GLA200 PROG,M.BENZ,168,0.0192
LEXUS UX250H DYNAMIC,LEXUS,162,0.0186
M.BENZ CLA200,M.BENZ,161,0.0184
MG MG4 64 KWH AWD,MG,159,0.0182
VOLVO XC90 T8 INSCRIPT PHEV,VOLVO,155,0.0178
LR DISC D300 HSERD,LAND ROVER,154,0.0176
ZEEKR X PREMIUM,ZEEKR,153,0.0175
JAC E-J7,JAC,152,0.0174
BMW I4 40,BMW,151,0.0173
AUDI E TRON,AUDI,150,0.0172
LR DISC SPT D200 SE 7L PHEV,LAND ROVER,150,0.0172
LR DEF90D HSE,LAND ROVER,148,0.017
VOLVO EX40 PERF ULTRA,VOLVO,148,0.017
FIAT E SCUDO CARGO,FIAT,147,0.0168
M.BENZ GLS 450 4M,M.BENZ,147,0.0168
LR DEF110D X 7L,LAND ROVER,138,0.0158
BYD HAN AWD GS 680EV,BYD,136,0.0156
VOLVO XC60 T8 R-DESIGN PHEV                                                               I/VOLVO XC60 T8 R-DESIGN PHEV,VOLVO,135,0.0155
BMW I4 EDRIVE35,BMW,128,0.0147
PORSCHE CAYENNE TCPHEV,PORSCHE,127,0.0145
LR DEF110 PHEV HSE XD,LAND ROVER,125,0.0143
AUDI Q6 ETRON QUATTRO,AUDI,124,0.0142
BMW I4 M50,BMW,124,0.0142
CAOACHERY TIGGO5X H,CAOA CHERY,120,0.0137
JAG FPACE PHEV RDYN SE,JAGUAR,120,0.0137
PORSCHE MACAN ETURBO,PORSCHE,120,0.0137
AUDI Q8 E TRON 55,AUDI,119,0.0136
M.BENZ C300 AMG LINE- HEV,M.BENZ,119,0.0136
MG CYBERSTER 77KWH AWD,MG,117,0.0134
LR DEF130D X,LAND ROVER,116,0.0133
M.BENZ AMG CLA35 4M,M.BENZ,116,0.0133
PORSCHE PANAMERA TSEHY,PORSCHE,114,0.0131
VOLVO XC60 T8 POLESTAR PHEV,VOLVO,112,0.0128
NETA AYA COMFORT 4S,NETA,111,0.0127
MINI ACEMAN E,MINI,106,0.0121
BMW X5 XDRIVE50E XLINE,BMW,104,0.0119
PORSCHE CAYENNE CP TSP,PORSCHE,104,0.0119
FORD ETRANSIT 350 FL,FORD,102,0.0117
LR DEF110D SE XD,LAND ROVER,102,0.0117
LR DEF110D S XD,LAND ROVER,101,0.0116
AUDI RS E TRON GT,AUDI,100,0.0115
GAC AION Y PREMIUM,GAC,100,0.0115
KIA NIRO HEV SX RIOPEN,KIA,100,0.0115
LR RR D350 AB,LAND ROVER,100,0.0115
M.BENZ 320 ESPRINTER F,M.BENZ,100,0.0115
NEXTEM ORCA FEVER FN1C,FEVER,100,0.0115
M.BENZ AMG G63 4M,M.BENZ,99,0.0113
MINI COUNTRYMAN SE EXC,MINI,99,0.0113
BMW I7 XDRIVE60,BMW,98,0.0112
KIA CARNIVAL HEV EX,KIA,97,0.0111
FERRARI 296 GTB,FERRARI,96,0.011
LR VELAR PHEV HSE RDYN,LAND ROVER,96,0.011
HYD IONIQ5 SIG,HYUNDAI,95,0.0109
VOLVO EC40 PERF BLACK,VOLVO,94,0.0108
M.BENZ AMG GT63S EP 2P,M.BENZ,92,0.0105
M.BENZ A200 AMG LINE,M.BENZ,90,0.0103
CHEVROLET BOLT PREMIER,GM,88,0.0101
MINI COOPER E,MINI,88,0.0101
M.BENZ SL63S EP,M.BENZ,87,0.01
GEELY/EX5 MAX,GEELY,86,0.0099
GAC HYPTEC HT ULTRA,GAC,84,0.0096
LR VELAR PHEV AB,LAND ROVER,84,0.0096
FARIZON V6E,FARIZON,82,0.0094
M.BENZ AMG GLC63S EP,M.BENZ,82,0.0094
MG MG4 URB EV43KWH COM,MG,82,0.0094
BMW I5 M60,BMW,81,0.0093
JAC E JS1 EXTREME,JAC,80,0.0092
LR RR D350 SE,LAND ROVER,80,0.0092
ARROW ONE WORK,ARROW,77,0.0088
TOYOTA CAMRY HV,TOYOTA,77,0.0088
ZEEKR 001 PREMIUM,ZEEKR,77,0.0088
M.BENZ AMG S63 EP,M.BENZ,75,0.0086
M.BENZ EQB 250,M.BENZ,75,0.0086
M.BENZ EQB350 4M,M.BENZ,75,0.0086
PORSCHE 911 TURBO S,PORSCHE,74,0.0085
LR RRS D350 SED,LAND ROVER,73,0.0084
LR DISC SPT D200 SE D,LAND ROVER,72,0.0082
LR RRS D350 LE,LAND ROVER,71,0.0081
PORSCHE TAYCAN,PORSCHE,71,0.0081
VW ID.BUZZ PRO,VW,71,0.0081
LR DEF110D X,LAND ROVER,70,0.008
LR VELAR PHEV HSED,LAND ROVER,70,0.008
LR DISC D350 LE,LAND ROVER,69,0.0079
PORSCHE TAYCAN 4GTS,PORSCHE,69,0.0079
KIA STONIC MHEV SX HEV,KIA,67,0.0077
LEXUS UX250H LUXURY HEV,LEXUS,67,0.0077
BYD DOLPHIN MINI FLAS FU,BYD,66,0.0076
LEXUS UX250H DYNAMIC HEV,LEXUS,66,0.0076
LR DEF110D S XD 7L,LAND ROVER,66,0.0076
VOLVO EC40 8 ULTRA,VOLVO,66,0.0076
FERRARI 296 GTS,FERRARI,65,0.0074
LR RR D350 LE,LAND ROVER,65,0.0074
M.BENZ AMGGLC43,M.BENZ,63,0.0072
BMW IX M60,BMW,62,0.0071
JAG FPACE PHEV RDYN S,JAGUAR,62,0.0071
M.BENZ AMG C63S EP,M.BENZ,62,0.0071
HYUNDAI KONA EV39,HYUNDAI,61,0.007
MCLAREN ARTURA,MCLAREN,61,0.007
NETA X 500 LUXURY,NETA,61,0.007
PEUGEOT 208 E-GT,PEUGEOT,61,0.007
SUZUKI EVITARA 4STY4WD,SUZUKI,60,0.0069
VOLVO XC40 INSC EXPRES,VOLVO,59,0.0068
LR DISC D300 SRD,LAND ROVER,58,0.0066
VOLVO EX40 PERF BLACK,VOLVO,58,0.0066
PORSCHE CAYENNE TS PHE,PORSCHE,57,0.0065
FOTON EVIEWCONNECT 50S,FOTON,53,0.0061
M.BENZ EQC400 4M,M.BENZ,53,0.0061
TOYOTA BZ4X BEV AWD,TOYOTA,52,0.006
PORSCHE TAYCAN TURBO S,PORSCHE,51,0.0058
VOLVO XC90 T8 R-DESIGN,VOLVO,51,0.0058
ZEEKR 7X PREMIUM RWD,ZEEKR,51,0.0058
M.BENZ AMG GLA35 4M,M.BENZ,49,0.0056
NEXTEM ORCA FEVER FN1,FEVER,48,0.0055
VOLVO XC60 T8 INSCRIPT,VOLVO,48,0.0055
PORSCHE CAYENNE T PHEV,PORSCHE,47,0.0054
VOLVO XC40 T5H RDESIGN PHEV,VOLVO,47,0.0054
AUDI E TRON SPB S,AUDI,46,0.0053
KIA EV5 LAND 2WD,KIA,43,0.0049
NETA AYA LUXURY 4S,NETA,43,0.0049
AUDI E TRON GT,AUDI,42,0.0048
GWM/HAVAL H6 HEV ONE,GWM,42,0.0048
M.BENZ E300 EXCLUSIVE,M.BENZ,42,0.0048
AOXIN HITECH ECOTECH 2,HITECH,41,0.0047
M.BENZ AMG GLB35 4M,M.BENZ,41,0.0047
LR DEF110D HSE,LAND ROVER,40,0.0046
LR DEF90D S,LAND ROVER,40,0.0046
M.BENZ AMG C63S EP F1,M.BENZ,39,0.0045
NISSAN ARIYA ENG AWD,NISSAN,39,0.0045
FOTON EWONDER CHASSI,FOTON,38,0.0044
MASERATI LEVANTE MHEV,MASERATI,38,0.0044
HITECH NEWDELIVERY URBAN,HITECH E,37,0.0042
LEXUS RZ 500E,LEXUS,37,0.0042
LR DISC SPT D200 S PHEV,LAND ROVER,37,0.0042
M.BENZ EQE 300,M.BENZ,37,0.0042
PORSCHE TAYCAN TURBO,PORSCHE,37,0.0042
VOLVO XC40 T5H INSCRIP PHEV,VOLVO,37,0.0042
JAC IEV 330P,JAC,36,0.0041
M.BENZ GLS 450 4M HEV,M.BENZ,36,0.0041
NISSAN ARIYA ENG 2WD,NISSAN,36,0.0041
LR RR PHEV HSE,LAND ROVER,35,0.004
AOXIN HITECH ECOCARGO,HITECH,34,0.0039
JAG IPACE E400 SE,JAGUAR,33,0.0038
CAOACHERY ARRIZO6 PRHA,CAOA CHERY,31,0.0036
LR DISC SPT D200 SE 7L,LAND ROVER,31,0.0036
MINI JCW-E ACEMAN,MINI,31,0.0036
FERRARI SF90 STRADALE,FERRARI,30,0.0034
M.BENZ AMG GT63S EP,M.BENZ,30,0.0034
M.BENZ EQE350 SUV AMGL,M.BENZ,30,0.0034
M.BENZ EQS 53 4M,M.BENZ,29,0.0033
JAC IEV750V,JAC,28,0.0032
TANGJUN RD6 LUXURY PRO,RADAR,28,0.0032
VOLVO XC60 INSC EXPRES,VOLVO,28,0.0032
AUDI A6 ETRON RWD,AUDI,27,0.0031
LEXUS NX300H LUXURY HEV,LEXUS,27,0.0031
LR RR D350 SV,LAND ROVER,27,0.0031
VOLVO XC60 T8 R-DESIGN,VOLVO,27,0.0031
GAC GS9 ULTRA,GAC,26,0.003
LAMBORGHINI REVUELTO,LAMBORGHINI,26,0.003
LR RR PHEV SV,LAND ROVER,26,0.003
M.BENZ 320 VIPK AMB,M.BENZ,26,0.003
TESLA MODEL S PLAID,TESLA,26,0.003
AUDI Q6 SB ETRON QUATT,AUDI,25,0.0029
DONGFENG SERES 3 ELEG2,DONGFENG,25,0.0029
GMC HUMMER EV EDITION1,GMC,25,0.0029
LAMBORGHINI URUS BEAA,LAMBORGHINI,25,0.0029
LR DISC SPT D200 S 7L,LAND ROVER,25,0.0029
TESLA MODEL Y LONG R,TESLA,25,0.0029
LR RRS PHEV HSED,LAND ROVER,24,0.0027
MINI JCW-E 3P,MINI,24,0.0027
TANGJUN RD6 COMFORT,RADAR,24,0.0027
TESLA MODEL X PLAID,TESLA,24,0.0027
CAOACHERY TIGGO7 SPORT,CAOA CHERY,23,0.0026
JAC IEV750 VIP ALPHA6,JAC,23,0.0026
LR DISC D300 HSED,LAND ROVER,23,0.0026
DONGFENG SERES 3 ELEG,DONGFENG,22,0.0025
LAMBORGHINI URUS SE,LAMBORGHINI,22,0.0025
LR R.R SPT 3.0 TD HSE,LAND ROVER,22,0.0025
PORSCHE 911 TURBO S CA,PORSCHE,22,0.0025
TANGJUN RIDDARA RD6PRO,RIDDARA,22,0.0025
VOLVO XC60 T8 R-DESIGN PHEV,VOLVO,22,0.0025
GMC HUMMER EV SUV EDIT,GMC,21,0.0024
LR DEF110D350 HSEXD 7L,LAND ROVER,21,0.0024
M.BENZ EQE300 SUV,M.BENZ,21,0.0024
M.BENZ EQS450,M.BENZ,21,0.0024
NISSAN ARIYA ENGPL AWD,NISSAN,21,0.0024
LEXUS NX300H LUXURY  HEV,LEXUS,20,0.0023
LR DISC SPT D200 SE,LAND ROVER,20,0.0023
TANGJUN RIDDARA RD6AIR,RIDDARA,20,0.0023
FERRARI SF90 SPIDER,FERRARI,19,0.0022
LEXUS RX450H L LUXURY HEV,LEXUS,19,0.0022
HONDA ACCORD HYB TRNG HEV,HONDA,18,0.0021
LR R.R SPT 3.0 TD HSED PHEV,LAND ROVER,18,0.0021
M.BENZ EQE350 AMGL,M.BENZ,18,0.0021
M.BENZ EQS450 4M AMG L,M.BENZ,18,0.0021
TANGJUN RD6 LUXURY,RIDDARA,18,0.0021
LEXUS NX300H F-SPORT HEV,LEXUS,16,0.0018
LR DEF110 PHEV X,LAND ROVER,16,0.0018
TANGJUN RD6 STANDARD,RIDDARA,16,0.0018
TESLA MODEL 3 LONG R,TESLA,16,0.0018
TOYOTA SIENNA XSE,TOYOTA,16,0.0018
BYD SONG PRO GS DMFLEX,BYD,15,0.0017
FCA PACIFICA HPINNACLE,CHRYSLER,15,0.0017
JAC IEV 20,JAC,15,0.0017
AUDI SQ8 SB E TRON,AUDI,14,0.0016
BMW IX3 50 XDRIVE MSP,BMW,14,0.0016
CADILLAC LYRIQ LUXURY,CADILLAC,14,0.0016
DENZA Z9 GT,DENZA,14,0.0016
M.BENZ AMG EQE53 SUV,M.BENZ,14,0.0016
AUDI Q7 HIBRIDO,AUDI,13,0.0015
AUDI RS6 AV PERF HIB,AUDI,13,0.0015
CAOACHANGAN AVATR11 EV,CAOA CHANGAN,13,0.0015
AUDI SQ6 SB ETRON,AUDI,12,0.0014
BYD SONG PLUS GS 450DM,BYD,12,0.0014
BYD SONG PRO GL DM FLEX,BYD,12,0.0014
JAG IPACE E400 S,JAGUAR,12,0.0014
LR DEF130D OB,LAND ROVER,12,0.0014
