Municipio,Estado,Carregadores_AC,Carregadores_DC,Total_Eletropostos,MarketShare_Pct
São Paulo,SP,2270,511,2781,10.9363
Barueri,SP,143,38,181,0.7118
São Bernardo Do Campo,SP,108,35,143,0.5624
Guarulhos,SP,68,22,90,0.3539
Santo André,SP,64,24,88,0.3461
Mogi Das Cruzes,SP,44,18,62,0.2438
Santana De Parnaíba,SP,42,6,48,0.1888
Cotia,SP,38,7,45,0.177
São Caetano Do Sul,SP,31,8,39,0.1534
Osasco,SP,24,7,31,0.1219
Guararema,SP,11,11,22,0.0865
Carapicuíba,SP,18,0,18,0.0708
Diadema,SP,7,4,11,0.0433
Cajamar,SP,3,7,10,0.0393
Ribeirão Pires,SP,9,1,10,0.0393
Arujá,SP,10,0,10,0.0393
Franco Da Rocha,SP,7,2,9,0.0354
Caieiras,SP,5,3,8,0.0315
Itaquaquecetuba,SP,4,3,7,0.0275
Suzano,SP,3,4,7,0.0275
Mairiporã,SP,4,2,6,0.0236
Francisco Morato,SP,4,1,5,0.0197
Itapecerica Da Serra,SP,5,0,5,0.0197
Vargem Grande Paulista,SP,4,1,5,0.0197
Taboão Da Serra,SP,0,4,4,0.0157
Embu Das Artes,SP,4,0,4,0.0157
Mauá,SP,3,0,3,0.0118
Pirapora Do Bom Jesus,SP,2,0,2,0.0079
Juquitiba,SP,0,2,2,0.0079
Santa Isabel,SP,1,0,1,0.0039
Itapevi,SP,1,0,1,0.0039
Poá,SP,0,1,1,0.0039
