Municipio,Estado,Quantidade_MHEV,MarketShare_MHEV_Pct
São Paulo,SP,5815,9.3354
São Bernardo do Campo,SP,325,0.5218
Santo André,SP,301,0.4832
Guarulhos,SP,287,0.4607
Barueri,SP,244,0.3917
São Caetano do Sul,SP,195,0.3131
Mogi das Cruzes,SP,193,0.3098
Osasco,SP,177,0.2842
Santana de Parnaíba,SP,173,0.2777
Cotia,SP,121,0.1943
Diadema,SP,66,0.106
Carapicuíba,SP,59,0.0947
Mauá,SP,56,0.0899
Arujá,SP,54,0.0867
Suzano,SP,47,0.0755
Taboão da Serra,SP,42,0.0674
Cajamar,SP,32,0.0514
Ribeirão Pires,SP,30,0.0482
Embu das Artes,SP,28,0.045
Itapecerica da Serra,SP,28,0.045
Mairiporã,SP,27,0.0433
Itaquaquecetuba,SP,26,0.0417
Itapevi,SP,25,0.0401
Jandira,SP,24,0.0385
Caieiras,SP,23,0.0369
Vargem Grande Paulista,SP,23,0.0369
Poá,SP,21,0.0337
Franco da Rocha,SP,15,0.0241
Guararema,SP,13,0.0209
Embu-Guaçu,SP,12,0.0193
Santa Isabel,SP,10,0.0161
